url_length,https,dots,hyphen,at,digits,suspicious_words,ip_address,subdomains,path_length,query_length,special_chars,iframe,forms,label
96,1,7,6,2,3,8,1,3,10,54,15,1,1,1
38,1,2,0,0,1,0,0,1,7,6,0,0,0,0
53,1,2,0,0,1,0,0,1,12,3,0,0,1,0
133,1,3,8,1,7,8,0,3,38,24,10,6,5,1
147,1,9,4,1,10,8,1,5,67,18,3,3,3,1
134,0,3,2,0,3,7,0,3,35,30,14,3,2,1
59,1,10,8,0,7,2,0,6,46,7,8,5,3,1
26,1,2,1,0,0,0,0,1,12,5,3,0,1,0
107,0,7,7,2,12,6,0,2,27,33,15,5,7,1
98,0,8,5,2,11,4,1,5,14,13,10,6,6,1
58,1,3,0,0,0,1,0,1,13,7,2,1,2,0
127,0,9,4,2,12,8,1,4,38,36,15,4,2,1
180,0,10,8,0,4,6,0,4,74,14,13,3,2,1
120,1,9,7,1,11,3,1,5,27,24,5,6,2,1
43,1,1,0,0,3,0,0,2,10,10,3,0,2,0
157,1,5,1,0,10,7,0,2,58,55,6,5,1,1
72,1,4,7,0,4,3,1,5,41,8,14,1,8,1
89,1,9,7,0,11,8,0,3,53,33,15,2,1,1
70,1,8,8,2,3,7,0,2,19,16,4,6,7,1
132,0,6,2,2,8,3,0,3,73,59,7,2,5,1
45,1,3,1,0,1,0,0,2,17,6,1,0,0,0
61,1,6,4,2,4,8,0,5,13,31,12,5,3,1
132,0,10,3,2,13,2,1,4,24,46,7,6,5,1
72,0,9,5,0,11,2,1,2,52,50,12,3,5,1
161,1,6,2,1,6,8,0,4,65,53,10,6,6,1
115,0,4,5,1,6,2,0,3,76,20,5,2,6,1
31,1,3,0,0,1,0,0,1,17,0,0,1,1,0
81,1,4,1,1,8,8,1,5,56,57,11,3,4,1
123,1,4,7,0,3,5,1,5,43,47,4,2,6,1
143,1,3,8,2,12,7,1,2,51,56,6,5,6,1
29,1,1,1,0,3,1,0,1,12,3,2,1,2,0
44,1,1,1,0,3,1,0,1,5,3,0,1,1,0
40,1,3,1,0,3,0,0,2,10,2,3,0,0,0
56,1,6,6,0,9,8,1,4,28,52,11,6,5,1
54,1,2,1,0,0,0,0,2,0,2,3,1,2,0
51,1,1,1,0,1,1,0,1,7,4,1,0,1,0
118,0,8,3,0,6,3,0,3,80,58,11,5,8,1
60,1,3,0,0,3,0,0,1,7,0,2,0,2,0
180,0,10,1,0,9,7,0,2,32,13,15,2,2,1
50,1,8,7,0,5,8,0,5,28,44,8,1,2,1
90,0,3,3,2,2,6,0,5,28,49,10,4,8,1
70,0,7,1,0,12,6,0,4,46,17,6,6,2,1
146,0,3,6,2,15,7,0,6,59,55,3,6,6,1
94,0,3,6,2,15,2,0,2,48,52,14,4,1,1
137,0,8,6,1,5,3,1,4,13,34,5,2,4,1
24,1,2,1,0,2,1,0,2,4,9,3,1,1,0
40,1,1,0,0,0,0,0,1,6,3,3,1,1,0
32,1,1,1,0,1,0,0,2,10,2,2,0,2,0
101,0,3,2,1,2,6,0,6,25,58,15,3,7,1
122,0,9,8,2,5,5,0,6,26,10,13,6,1,1
173,1,6,1,2,6,2,1,5,74,26,4,3,4,1
36,1,3,0,0,1,0,0,1,9,10,3,1,2,0
70,1,8,6,1,4,5,0,3,63,34,9,4,2,1
51,1,2,1,0,1,0,0,1,17,7,2,1,0,0
49,1,1,0,0,0,1,0,1,3,5,0,0,1,0
43,1,1,0,0,3,1,0,2,2,10,1,0,2,0
131,0,5,7,2,14,4,1,5,71,59,7,6,4,1
83,1,8,5,0,12,7,1,6,52,28,3,5,2,1
102,1,7,2,0,10,3,1,5,68,44,14,6,7,1
40,1,1,0,0,2,1,0,2,1,8,1,1,2,0
128,1,10,1,0,9,4,1,2,30,55,6,3,4,1
25,1,1,0,0,3,0,0,1,17,2,2,1,0,0
115,0,9,6,1,5,2,0,3,64,32,12,4,3,1
24,1,3,0,0,1,0,0,2,3,5,3,1,0,0
165,1,10,1,2,13,8,0,3,33,12,14,3,6,1
122,1,8,4,0,7,5,0,5,73,44,12,2,1,1
64,0,10,4,1,10,6,0,5,45,27,7,3,3,1
22,1,1,0,0,2,0,0,2,0,8,1,0,2,0
81,1,10,6,0,5,5,1,2,12,52,5,3,1,1
106,0,6,6,0,11,7,0,5,62,20,3,6,2,1
80,1,6,3,0,15,4,1,2,20,18,8,4,3,1
33,1,3,1,0,0,0,0,2,6,0,2,1,1,0
40,1,3,0,0,1,0,0,2,6,1,1,0,0,0
27,1,1,0,0,2,0,0,1,16,7,1,1,2,0
49,1,1,1,0,3,0,0,2,7,5,2,0,2,0
67,1,6,3,1,8,8,0,2,75,52,6,2,5,1
43,1,1,1,0,1,0,0,1,11,9,1,0,2,0
20,1,2,1,0,1,1,0,1,14,10,2,0,0,0
55,1,2,1,0,0,1,0,2,0,0,3,1,1,0
88,1,9,6,1,7,8,1,6,56,41,5,5,3,1
152,0,10,1,0,2,7,1,6,36,48,14,5,7,1
36,1,3,0,0,0,0,0,2,20,3,2,1,1,0
125,0,9,6,1,5,5,0,6,23,52,6,2,8,1
68,1,8,6,2,5,5,1,5,61,20,3,6,4,1
118,0,3,3,1,7,8,1,6,31,46,9,4,1,1
121,0,3,6,0,15,3,1,2,44,44,9,2,8,1
98,0,7,8,1,13,7,1,4,68,38,6,6,7,1
56,0,3,6,1,3,4,1,2,46,49,12,1,2,1
26,1,1,0,0,1,1,0,1,11,9,3,1,1,0
54,1,1,0,0,0,1,0,2,9,6,1,1,1,0
44,1,3,0,0,0,0,0,2,1,7,1,1,0,0
178,1,4,8,1,12,6,0,5,40,46,5,4,1,1
42,1,1,1,0,3,1,0,1,10,10,3,1,0,0
30,1,2,1,0,3,0,0,1,0,5,0,0,0,0
46,1,3,1,0,2,1,0,1,1,1,2,1,1,0
56,1,7,7,1,3,7,0,2,26,44,12,5,6,1
94,0,6,7,1,12,8,0,6,55,33,3,6,6,1
123,1,5,5,2,8,6,0,5,68,60,3,4,7,1
24,1,3,1,0,0,1,0,1,4,7,1,0,2,0
18,1,3,1,0,2,0,0,1,2,5,1,1,0,0
53,1,1,0,0,3,1,0,2,4,9,1,0,2,0
21,1,1,0,0,2,1,0,2,14,6,3,0,1,0
156,0,9,7,1,10,4,0,6,62,47,7,6,4,1
86,1,5,4,2,10,6,1,4,54,32,9,6,1,1
150,1,7,8,0,6,4,0,5,56,45,14,1,4,1
47,1,2,0,0,2,1,0,1,18,7,2,0,0,0
41,1,2,1,0,2,1,0,2,11,10,2,0,2,0
56,1,1,1,0,2,1,0,1,13,8,0,1,1,0
36,1,2,0,0,3,0,0,2,15,8,2,0,0,0
27,1,1,1,0,1,1,0,1,19,6,1,0,2,0
148,1,4,5,2,12,8,1,5,42,50,9,1,6,1
25,1,2,0,0,2,1,0,2,11,8,1,1,2,0
26,1,1,1,0,3,0,0,2,4,8,1,0,2,0
113,0,6,7,2,9,6,0,2,45,30,4,4,6,1
168,1,3,8,0,7,4,0,2,29,44,3,3,1,1
35,1,2,0,0,1,1,0,2,15,3,2,1,2,0
22,1,1,1,0,1,0,0,2,16,6,2,1,0,0
57,1,2,0,0,1,0,0,2,5,10,2,0,1,0
86,0,9,4,0,5,7,1,4,14,55,15,1,7,1
17,1,2,0,0,1,1,0,1,14,6,2,1,2,0
16,1,1,0,0,1,1,0,1,15,10,2,0,0,0
160,1,7,3,1,13,6,1,5,10,16,15,6,5,1
125,1,3,7,1,6,6,1,3,56,12,12,4,6,1
31,1,3,0,0,0,0,0,2,20,1,0,1,1,0
54,1,2,0,0,1,0,0,1,8,10,0,0,0,0
30,1,2,1,0,0,1,0,1,14,7,0,0,0,0
97,0,6,6,0,7,8,1,5,54,9,9,1,1,1
17,1,1,0,0,2,0,0,2,6,10,2,1,2,0
59,0,3,3,1,5,5,1,2,72,49,4,6,1,1
22,1,1,1,0,2,0,0,1,1,5,3,1,0,0
38,1,3,1,0,1,1,0,2,2,10,2,0,1,0
33,1,2,1,0,0,0,0,2,4,9,2,1,2,0
154,0,9,1,0,2,6,0,5,79,23,3,5,2,1
33,1,1,1,0,0,0,0,2,14,1,2,1,2,0
128,1,4,6,2,10,3,1,6,55,52,6,2,2,1
168,1,5,4,2,5,6,0,6,28,50,3,3,7,1
93,0,5,8,1,13,5,0,5,16,25,12,4,8,1
41,1,3,1,0,3,0,0,2,3,10,1,0,0,0
35,1,3,1,0,2,1,0,1,1,3,1,1,2,0
21,1,2,1,0,3,1,0,2,9,1,0,1,0,0
23,1,1,1,0,1,1,0,1,11,7,1,0,0,0
160,1,4,7,1,8,5,1,3,75,5,3,1,3,1
75,0,10,6,0,8,8,0,3,44,17,6,2,6,1
47,1,3,0,0,2,1,0,2,16,10,0,1,1,0
75,0,3,8,2,2,3,1,3,45,60,10,2,1,1
28,1,1,1,0,1,1,0,1,10,9,3,0,1,0
138,1,9,4,2,13,5,0,2,13,34,9,3,4,1
74,0,4,3,0,2,5,0,5,30,16,13,3,3,1
49,1,2,0,0,2,0,0,2,8,8,2,1,2,0
32,1,1,1,0,2,1,0,1,4,8,3,1,2,0
96,1,7,3,2,7,2,0,6,24,32,15,1,8,1
117,0,5,3,0,14,7,1,2,32,18,11,4,7,1
34,1,1,0,0,1,1,0,2,0,1,0,1,1,0
53,1,3,1,0,1,0,0,2,20,7,2,1,0,0
23,1,2,1,0,3,1,0,2,16,3,2,0,1,0
90,0,3,2,1,11,8,1,2,19,35,13,1,4,1
100,0,9,5,1,2,7,0,3,34,48,13,6,4,1
86,1,10,2,1,13,8,1,2,26,24,12,2,3,1
97,1,10,7,0,12,8,1,4,72,25,12,5,1,1
39,1,2,0,0,1,0,0,2,18,5,0,0,1,0
28,1,1,1,0,0,1,0,2,11,6,2,1,1,0
27,1,2,1,0,0,0,0,1,10,4,2,1,0,0
18,1,3,1,0,1,1,0,2,12,5,1,1,2,0
23,1,1,0,0,0,0,0,2,7,5,3,0,2,0
116,0,9,5,2,3,3,1,2,31,26,6,5,5,1
27,1,2,1,0,1,1,0,1,0,3,2,1,1,0
69,1,4,7,2,15,7,0,2,28,27,13,6,2,1
92,0,7,2,1,9,4,1,5,44,23,5,3,4,1
118,1,8,7,1,5,3,1,3,60,48,10,1,3,1
95,1,9,4,0,3,5,1,5,63,31,5,3,5,1
55,0,6,3,0,5,8,0,6,50,39,12,1,5,1
59,0,3,2,2,7,3,1,3,20,41,6,2,5,1
57,1,2,0,0,1,0,0,2,3,5,0,0,2,0
50,1,3,0,0,3,0,0,2,18,10,1,0,1,0
32,1,2,0,0,1,1,0,2,18,2,3,1,1,0
93,0,5,8,1,10,8,0,5,78,25,4,6,5,1
27,1,1,0,0,2,1,0,2,10,5,3,0,1,0
70,0,3,7,2,7,8,0,3,49,19,11,4,8,1
64,0,9,8,0,3,6,1,5,46,11,7,4,2,1
37,1,1,1,0,1,1,0,1,0,4,0,0,1,0
22,1,3,1,0,1,1,0,2,2,4,1,0,1,0
127,1,4,7,2,3,2,1,3,71,23,15,3,1,1
15,1,2,0,0,3,0,0,1,17,1,1,1,1,0
75,1,6,6,0,8,4,1,4,50,6,6,5,4,1
19,1,3,1,0,2,1,0,2,2,3,1,1,0,0
59,1,2,0,0,3,1,0,2,4,5,3,0,0,0
55,1,2,0,0,1,1,0,2,8,1,1,1,0,0
37,1,2,1,0,2,0,0,2,14,1,3,0,1,0
89,1,8,4,0,11,5,1,3,62,53,6,4,4,1
153,1,8,7,0,2,6,0,5,41,10,15,1,4,1
52,1,2,1,0,2,1,0,1,18,10,1,1,1,0
40,1,2,1,0,3,0,0,2,5,3,1,1,1,0
95,0,3,4,2,14,7,0,4,65,48,14,6,4,1
89,1,10,7,2,6,7,0,3,49,26,5,4,7,1
48,1,3,1,0,1,1,0,1,4,6,2,0,1,0
48,1,1,0,0,1,0,0,1,8,4,3,1,2,0
15,1,2,0,0,1,0,0,1,3,0,1,1,1,0
119,0,5,6,2,13,4,0,2,71,22,6,3,8,1
102,0,5,4,2,14,2,1,6,10,45,11,3,6,1
15,1,1,0,0,0,1,0,1,20,7,3,1,0,0
51,1,6,3,2,9,5,0,5,45,11,9,4,3,1
47,1,3,1,0,0,1,0,1,0,10,1,0,0,0
44,1,3,1,0,1,1,0,1,1,5,1,1,1,0
115,0,4,2,2,13,6,1,2,44,41,11,2,5,1
85,1,8,2,0,2,2,0,2,20,45,7,4,7,1
172,1,4,5,2,9,5,1,4,30,34,10,4,3,1
18,1,2,0,0,1,0,0,2,3,6,0,0,1,0
170,0,5,3,2,8,5,1,3,76,51,8,4,5,1
70,1,7,7,0,9,8,1,4,23,39,9,6,1,1
58,1,3,0,0,3,1,0,2,12,1,2,0,2,0
53,1,3,1,0,2,0,0,2,15,10,3,0,2,0
35,1,1,1,0,0,0,0,2,19,2,1,1,0,0
50,1,7,6,0,5,8,0,2,55,42,14,4,1,1
132,1,7,6,0,9,8,1,3,55,7,14,5,3,1
73,0,9,7,2,8,5,0,5,66,47,14,4,7,1
43,1,2,0,0,2,1,0,1,19,0,2,1,0,0
20,1,1,0,0,0,1,0,2,18,2,3,1,2,0
71,0,7,8,1,4,2,0,4,55,13,13,5,7,1
28,1,2,1,0,2,0,0,1,4,4,3,0,0,0
87,0,10,7,1,8,2,0,5,67,37,9,1,4,1
175,0,5,4,0,8,6,0,5,19,15,6,6,2,1
29,1,2,0,0,1,0,0,1,1,2,2,1,1,0
127,0,9,1,1,13,2,0,3,45,8,14,6,8,1
43,1,1,0,0,0,1,0,2,2,0,2,0,0,0
34,1,1,1,0,3,1,0,1,2,4,3,1,1,0
58,1,1,1,0,0,0,0,2,9,6,3,0,1,0
17,1,2,1,0,3,0,0,2,6,2,0,1,0,0
166,0,7,5,0,5,3,1,5,73,36,13,6,8,1
89,1,10,1,2,2,6,0,4,26,6,5,5,4,1
59,1,3,1,0,1,1,0,1,5,6,3,1,1,0
118,1,10,7,1,6,7,0,4,66,41,11,3,6,1
44,1,2,0,0,1,0,0,1,1,2,3,0,1,0
26,1,3,0,0,1,1,0,2,15,1,1,1,2,0
52,1,2,0,0,2,0,0,2,2,8,1,1,0,0
48,1,3,1,0,3,0,0,2,10,6,1,0,2,0
171,0,10,4,0,8,6,1,5,65,31,6,1,3,1
22,1,2,0,0,3,1,0,2,19,10,3,1,1,0
51,1,2,0,0,2,1,0,2,14,8,2,1,0,0
16,1,3,0,0,2,0,0,1,5,0,0,1,0,0
43,1,2,1,0,0,1,0,1,18,8,1,1,0,0
101,0,7,5,0,6,3,0,4,35,33,4,5,4,1
137,1,9,5,1,12,3,0,3,52,19,3,6,6,1
155,0,9,1,2,15,2,0,4,21,36,7,1,6,1
154,0,3,6,0,15,7,0,6,57,50,4,6,6,1
43,1,3,0,0,0,1,0,2,5,5,2,1,2,0
135,0,9,6,1,2,3,1,3,76,43,12,4,8,1
175,1,3,4,1,12,2,1,3,48,45,3,6,8,1
85,1,3,4,0,6,7,1,3,62,7,13,1,8,1
24,1,2,0,0,1,1,0,2,2,5,0,0,2,0
140,1,6,8,2,14,6,0,5,30,56,11,4,8,1
114,1,5,2,2,5,7,0,2,38,14,15,4,4,1
58,1,3,0,0,1,1,0,2,6,10,3,1,1,0
26,1,2,1,0,2,0,0,2,0,6,0,0,2,0
78,1,7,7,0,8,4,1,3,69,15,13,6,4,1
92,1,10,4,2,2,2,1,2,48,14,7,1,1,1
122,0,3,8,0,3,6,1,3,71,55,8,4,1,1
28,1,1,1,0,0,0,0,2,1,4,1,0,0,0
32,1,2,1,0,0,0,0,1,0,4,3,0,2,0
22,1,3,1,0,3,0,0,1,7,5,3,1,0,0
29,1,2,0,0,1,1,0,1,3,7,3,0,0,0
16,1,3,1,0,1,1,0,1,6,4,2,1,1,0
44,1,1,1,0,3,1,0,1,2,6,3,1,2,0
29,1,3,0,0,3,0,0,1,2,5,0,1,2,0
92,0,7,3,0,5,8,1,2,21,29,5,3,2,1
86,1,9,2,2,8,2,0,6,49,51,3,2,6,1
23,1,1,0,0,0,0,0,1,8,0,2,1,2,0
27,1,1,0,0,0,1,0,1,4,9,2,0,2,0
34,1,3,1,0,3,0,0,1,2,3,3,0,0,0
55,1,3,0,0,2,0,0,2,8,2,2,0,0,0
127,1,3,8,1,10,6,1,3,35,49,11,3,8,1
43,1,3,1,0,2,0,0,2,20,10,2,0,2,0
23,1,3,1,0,2,1,0,2,8,7,3,1,0,0
23,1,3,0,0,3,0,0,2,3,7,1,0,1,0
19,1,2,0,0,2,0,0,1,4,5,0,1,1,0
15,1,2,1,0,1,1,0,2,1,3,3,0,2,0
147,0,7,2,1,5,6,1,3,65,17,14,6,6,1
47,1,2,1,0,2,1,0,1,4,7,1,1,0,0
111,1,3,2,1,4,6,0,3,17,37,4,4,7,1
55,1,3,1,0,2,1,0,2,16,10,1,0,2,0
56,1,1,1,0,0,0,0,2,2,2,0,0,0,0
29,1,3,1,0,2,0,0,2,3,8,0,0,0,0
59,1,3,0,0,2,0,0,2,17,10,0,0,2,0
168,0,5,4,0,2,3,0,6,31,46,14,1,5,1
51,0,3,3,1,5,3,0,6,50,12,14,5,2,1
61,1,8,8,0,15,8,1,3,33,5,6,3,4,1
177,1,3,3,1,3,6,0,3,68,38,11,2,6,1
42,1,1,1,0,0,1,0,2,18,6,2,1,1,0
59,1,1,1,0,1,0,0,1,3,2,2,1,0,0
74,1,5,7,2,7,3,0,2,70,53,15,2,4,1
139,0,4,1,2,13,5,0,6,73,30,3,5,8,1
98,0,9,1,2,9,7,0,2,39,17,11,3,8,1
59,1,1,1,0,2,1,0,2,1,2,3,1,0,0
19,1,1,0,0,3,0,0,1,2,4,0,1,2,0
73,0,10,2,0,15,6,1,5,25,21,3,1,2,1
22,1,3,0,0,2,1,0,1,11,0,3,1,1,0
137,0,4,4,0,10,4,0,5,66,52,11,6,2,1
52,1,2,1,0,0,0,0,1,1,3,1,1,2,0
91,1,9,6,1,9,5,0,3,79,33,6,3,8,1
69,0,6,2,2,6,4,1,6,28,7,13,4,2,1
71,0,6,2,2,13,8,1,2,67,21,8,3,2,1
58,1,1,1,0,0,1,0,1,18,1,1,0,0,0
135,0,4,1,2,15,2,1,4,10,39,6,4,3,1
16,1,2,1,0,1,0,0,2,0,7,1,1,2,0
94,0,3,3,1,2,5,1,3,75,10,7,3,4,1
57,0,9,5,0,5,2,0,5,12,21,15,4,6,1
124,1,8,1,2,14,6,1,6,13,38,8,3,2,1
103,1,7,8,0,8,7,1,3,53,6,8,3,7,1
43,1,1,0,0,2,0,0,1,6,10,0,1,2,0
72,1,4,1,2,5,2,0,2,55,60,10,3,2,1
99,0,3,6,1,13,3,1,3,63,21,4,2,4,1
20,1,1,0,0,2,1,0,1,15,8,0,1,2,0
124,1,10,7,2,13,5,0,3,16,24,9,4,3,1
37,1,1,1,0,2,1,0,1,4,3,1,1,1,0
151,1,5,3,2,10,3,0,2,12,27,5,5,3,1
54,1,1,0,0,1,0,0,1,5,1,0,1,1,0
23,1,3,1,0,3,0,0,2,10,5,3,1,1,0
74,1,7,6,2,8,4,0,6,18,41,9,1,7,1
15,1,3,0,0,0,0,0,1,4,4,0,1,2,0
109,1,10,3,0,10,2,1,3,77,50,9,3,5,1
177,0,3,3,2,4,6,0,4,22,20,9,1,1,1
109,0,7,3,1,3,4,0,2,50,38,14,3,3,1
41,1,1,1,0,0,1,0,2,12,6,1,0,2,0
18,1,1,1,0,0,1,0,2,20,8,3,1,0,0
153,0,6,2,2,10,4,1,3,65,56,9,4,7,1
46,1,2,0,0,1,0,0,2,11,3,3,0,2,0
33,1,2,0,0,1,0,0,1,6,9,1,1,2,0
116,0,5,1,0,6,3,0,6,53,18,8,4,8,1
44,1,3,0,0,2,0,0,1,6,2,0,0,0,0
53,0,6,3,1,10,2,1,2,44,50,3,2,5,1
52,1,3,1,0,1,1,0,2,11,8,1,0,1,0
59,1,1,1,0,0,1,0,1,0,9,3,0,0,0
99,1,9,8,1,8,8,0,5,55,39,9,4,7,1
43,1,2,1,0,3,1,0,2,19,6,0,1,1,0
161,1,9,8,2,2,5,0,4,76,56,11,1,2,1
53,1,1,1,0,2,0,0,2,15,7,1,0,1,0
107,0,9,1,2,8,5,0,4,11,29,5,3,5,1
34,1,1,1,0,3,1,0,1,5,4,1,1,1,0
26,1,3,1,0,1,0,0,1,11,1,1,1,2,0
47,1,3,0,0,2,0,0,1,11,3,2,1,2,0
98,1,3,5,2,9,8,1,2,19,6,5,1,4,1
82,0,8,4,0,10,5,1,3,17,43,15,6,7,1
110,1,3,6,1,2,6,0,4,68,9,14,2,6,1
129,1,3,1,0,3,4,1,3,20,5,8,2,6,1
56,0,8,8,1,7,8,1,4,16,18,6,5,3,1
83,0,7,3,1,9,4,1,3,59,7,10,5,5,1
82,0,6,1,1,14,8,1,6,24,46,13,1,1,1
28,1,1,1,0,3,1,0,2,20,5,1,0,1,0
152,0,7,2,0,5,8,1,4,73,44,5,3,3,1
42,1,3,1,0,1,1,0,1,20,5,1,1,0,0
50,1,1,1,0,1,0,0,2,12,10,2,0,1,0
21,1,2,0,0,3,0,0,2,18,8,1,0,0,0
52,1,1,1,0,1,0,0,1,1,8,2,1,2,0
45,1,2,1,0,1,1,0,2,7,9,0,0,1,0
55,1,3,0,0,1,0,0,2,0,7,2,1,1,0
164,1,10,1,0,8,8,1,5,21,12,13,2,5,1
30,1,1,0,0,0,0,0,1,12,4,3,0,2,0
15,1,3,1,0,0,0,0,2,17,1,2,0,2,0
91,1,7,2,1,10,7,1,6,10,18,8,3,5,1
46,1,1,0,0,3,1,0,1,16,1,1,0,1,0
45,1,1,0,0,0,1,0,1,18,4,1,0,0,0
45,1,3,0,0,1,1,0,1,11,4,1,1,2,0
71,0,6,8,1,9,5,1,6,36,12,9,6,6,1
23,1,3,0,0,2,0,0,1,12,7,3,1,1,0
66,0,7,1,2,15,8,0,6,11,28,3,6,1,1
72,1,5,7,2,6,2,1,6,15,57,7,1,6,1
57,0,3,5,0,13,6,0,6,20,52,13,5,4,1
153,1,6,2,1,11,6,1,6,37,16,8,4,1,1
102,1,3,1,0,10,4,0,4,43,18,12,1,3,1
138,0,5,5,2,13,4,0,6,53,48,12,2,6,1
37,1,2,0,0,1,1,0,1,0,7,0,1,1,0
26,1,2,1,0,3,0,0,2,10,9,0,1,2,0
94,1,8,5,1,4,2,1,6,21,56,7,4,1,1
42,1,3,0,0,3,0,0,2,20,0,1,0,0,0
156,1,9,8,1,12,5,1,5,74,16,3,6,8,1
120,1,6,7,0,14,3,1,2,37,19,13,5,3,1
34,1,1,1,0,1,0,0,2,7,8,2,0,0,0
127,1,10,6,0,12,3,1,2,32,47,7,4,7,1
57,1,2,1,0,0,0,0,2,11,6,2,1,0,0
28,1,1,0,0,2,1,0,2,14,7,2,0,0,0
20,1,2,0,0,1,1,0,2,12,9,0,1,0,0
165,0,5,7,0,8,7,0,3,72,26,13,5,4,1
180,1,9,4,2,10,8,0,2,72,38,8,2,4,1
31,1,1,0,0,2,0,0,2,19,9,2,0,1,0
58,1,2,0,0,3,1,0,1,4,8,1,0,1,0
154,1,9,1,2,3,2,0,3,12,27,11,3,6,1
18,1,1,1,0,2,1,0,1,9,5,2,0,0,0
143,1,3,7,2,9,4,0,3,59,50,6,2,4,1
104,0,10,7,0,8,5,0,6,68,51,8,1,2,1
149,1,4,4,0,6,2,0,2,54,46,12,3,2,1
160,1,9,4,2,12,6,1,2,63,7,13,5,2,1
57,1,2,1,0,1,0,0,1,9,3,2,0,0,0
55,1,6,2,2,7,3,1,4,43,49,10,1,4,1
68,1,8,1,0,2,7,1,4,39,38,4,5,1,1
171,1,5,4,1,5,8,1,5,12,21,9,3,5,1
109,0,9,8,0,2,3,1,2,28,20,5,6,5,1
66,1,3,5,2,5,8,0,6,17,20,8,1,5,1
28,1,1,0,0,1,1,0,2,17,6,3,0,0,0
116,0,5,5,0,6,8,1,2,43,60,11,6,5,1
42,1,2,1,0,1,0,0,2,15,1,0,1,1,0
44,1,2,1,0,3,1,0,2,18,10,3,0,0,0
146,0,4,6,0,13,6,0,5,45,37,11,2,6,1
150,0,10,3,2,15,5,0,3,46,26,9,1,1,1
90,0,3,7,1,2,3,0,4,31,29,13,2,1,1
54,1,9,6,2,7,3,0,6,10,16,8,5,4,1
96,0,7,1,0,13,4,0,4,66,7,9,1,8,1
144,1,8,2,1,14,3,0,2,75,41,12,5,1,1
43,1,2,1,0,3,0,0,2,19,5,2,1,1,0
121,1,5,1,1,14,7,1,5,79,16,11,4,8,1
123,0,10,7,1,6,7,1,3,53,37,8,5,6,1
46,1,2,0,0,2,0,0,1,0,6,3,0,2,0
24,1,2,0,0,2,1,0,1,19,6,0,0,2,0
77,1,10,5,2,4,5,0,2,68,28,10,5,5,1
16,1,2,1,0,2,0,0,2,11,1,0,0,0,0
59,1,2,0,0,2,1,0,2,0,9,2,0,0,0
67,1,4,6,1,2,7,1,6,32,14,6,5,8,1
56,1,1,1,0,0,0,0,2,14,6,0,1,1,0
36,1,1,1,0,1,1,0,2,3,1,0,0,2,0
118,1,4,2,0,8,5,1,6,29,16,12,5,3,1
69,1,4,8,1,11,8,1,3,28,6,12,2,1,1
158,0,10,1,2,12,6,1,3,25,13,11,5,3,1
32,1,1,0,0,1,0,0,2,9,0,0,1,2,0
26,1,2,0,0,3,1,0,1,8,7,2,0,2,0
85,1,7,4,2,12,3,1,6,20,36,3,6,8,1
157,0,7,8,0,2,2,0,2,13,21,10,2,7,1
47,1,2,1,0,2,0,0,1,17,10,0,1,1,0
104,0,6,5,0,5,8,1,2,76,27,13,1,6,1
58,1,1,1,0,0,1,0,1,18,2,1,0,2,0
103,0,7,7,0,6,2,1,2,43,34,9,5,4,1
74,1,8,6,1,15,5,0,5,56,14,6,6,5,1
99,1,5,5,0,5,3,0,6,54,9,8,5,7,1
45,1,3,0,0,3,1,0,2,13,5,2,1,1,0
31,1,1,0,0,2,0,0,1,11,7,0,1,2,0
103,1,3,6,0,11,7,1,2,43,9,7,1,7,1
51,1,3,1,0,2,0,0,1,14,9,0,0,2,0
56,0,6,5,1,10,7,1,3,11,18,14,2,5,1
134,0,8,2,0,8,2,1,5,36,8,4,4,2,1
16,1,1,1,0,1,1,0,2,4,2,1,1,1,0
170,0,4,1,1,13,8,1,6,24,54,6,2,7,1
141,0,7,4,1,14,4,1,2,46,42,8,5,3,1
152,1,6,4,1,12,4,1,6,41,28,11,5,8,1
53,1,1,0,0,2,1,0,2,20,0,3,0,2,0
57,1,5,1,1,15,5,1,2,17,30,10,6,3,1
36,1,2,0,0,0,0,0,1,2,8,1,1,0,0
39,1,3,0,0,3,0,0,2,3,6,0,1,2,0
174,1,10,1,2,6,2,1,2,40,52,7,5,2,1
52,0,5,8,0,2,7,1,5,30,8,7,4,6,1
69,1,5,5,1,11,3,0,5,35,22,7,1,7,1
45,1,3,1,0,2,0,0,1,3,6,3,0,1,0
48,1,2,1,0,2,1,0,2,8,1,1,1,0,0
52,1,3,1,0,3,1,0,2,4,5,2,1,1,0
137,1,7,4,2,8,2,1,4,62,50,15,1,3,1
29,1,3,1,0,2,1,0,1,20,6,3,0,1,0
20,1,1,1,0,0,0,0,1,14,5,3,0,2,0
15,1,1,0,0,1,1,0,2,4,4,0,1,1,0
28,1,3,1,0,3,1,0,1,1,7,3,1,1,0
56,1,3,1,0,3,1,0,2,8,9,1,0,1,0
69,0,10,8,1,4,6,0,5,31,44,4,2,1,1
37,1,1,0,0,3,0,0,2,13,10,1,1,0,0
73,0,7,5,0,10,4,0,5,10,39,13,5,3,1
140,1,3,8,0,14,8,1,2,51,5,3,1,3,1
85,0,4,6,1,6,7,0,6,22,34,9,6,1,1
52,1,3,0,0,2,0,0,1,2,10,1,0,2,0
149,1,4,8,1,15,4,1,2,32,20,5,3,1,1
60,1,5,5,1,5,3,0,4,66,31,5,5,8,1
54,1,3,0,0,2,1,0,1,1,7,1,1,0,0
178,1,7,4,0,9,3,1,4,32,7,7,4,7,1
44,1,1,0,0,3,1,0,1,8,5,1,1,1,0
21,1,2,1,0,3,0,0,1,11,1,1,1,0,0
15,1,3,1,0,3,0,0,1,17,5,1,1,2,0
161,0,9,8,2,12,8,1,2,39,20,4,6,7,1
90,1,6,6,0,14,2,0,5,51,33,8,3,5,1
42,1,2,0,0,0,1,0,1,10,4,2,0,1,0
173,1,4,6,0,9,8,0,3,38,11,11,4,4,1
50,0,8,2,1,15,5,0,3,66,30,15,1,8,1
96,1,8,8,2,13,6,1,3,12,59,4,1,5,1
105,1,9,5,1,14,6,1,2,65,48,15,5,7,1
111,0,10,6,2,12,6,1,3,54,45,13,2,2,1
168,0,9,6,2,3,4,1,6,10,9,8,6,7,1
40,1,3,1,0,3,1,0,2,1,5,0,0,1,0
135,1,4,2,1,6,4,1,2,24,32,6,3,2,1
128,1,10,7,1,14,5,1,2,25,58,11,2,1,1
89,0,7,8,0,15,6,0,4,53,5,8,2,6,1
113,0,7,8,2,8,6,1,3,40,53,5,5,5,1
51,1,1,1,0,2,0,0,1,9,10,1,0,1,0
17,1,3,0,0,1,0,0,2,14,10,1,1,0,0
19,1,1,1,0,2,0,0,1,1,6,2,1,0,0
84,1,4,1,0,14,3,0,5,28,29,4,3,8,1
152,0,7,3,0,5,6,1,2,44,55,10,1,3,1
57,0,7,3,1,11,7,1,6,28,32,6,5,2,1
22,1,3,0,0,0,0,0,2,5,9,1,0,0,0
145,1,10,6,1,3,7,1,5,62,15,4,2,4,1
39,1,2,0,0,3,1,0,1,8,7,3,0,0,0
52,1,3,0,0,2,1,0,1,14,2,1,1,2,0
59,1,1,1,0,2,1,0,1,20,5,1,1,0,0
53,1,3,0,0,2,0,0,1,2,7,2,1,2,0
45,1,3,1,0,0,1,0,2,0,0,0,1,2,0
49,1,2,1,0,3,0,0,1,1,9,3,1,0,0
36,1,2,0,0,3,1,0,1,12,9,1,1,1,0
29,1,2,0,0,1,0,0,1,1,0,0,1,1,0
19,1,2,1,0,1,1,0,1,18,2,0,0,2,0
133,0,7,7,0,11,4,0,3,60,42,14,5,4,1
45,1,2,0,0,2,0,0,1,13,8,1,0,1,0
79,0,10,1,1,2,4,0,6,70,58,3,6,8,1
106,0,9,2,2,14,4,0,4,68,38,3,4,4,1
33,1,1,0,0,2,1,0,1,0,7,1,1,1,0
32,1,1,0,0,0,1,0,1,10,8,0,1,0,0
30,1,1,0,0,1,0,0,2,0,2,3,0,1,0
96,0,7,2,2,14,6,1,5,79,24,10,4,5,1
59,1,3,0,0,1,1,0,1,20,10,0,1,0,0
61,1,9,1,0,12,5,1,2,51,8,11,2,2,1
120,1,7,4,0,4,7,0,6,67,6,7,6,1,1
50,1,2,1,0,3,0,0,2,4,4,1,1,0,0
71,0,3,3,1,8,6,1,6,21,7,15,5,6,1
17,1,2,1,0,3,0,0,2,9,3,0,0,2,0
49,1,2,1,0,3,0,0,2,16,3,3,1,0,0
171,0,3,2,0,11,4,0,5,73,49,7,5,8,1
28,1,3,0,0,1,0,0,2,20,8,1,0,2,0
38,1,3,0,0,2,1,0,2,10,9,1,1,1,0
51,1,2,1,0,0,0,0,1,15,0,3,1,2,0
172,0,6,2,2,13,5,1,5,57,37,11,2,2,1
55,1,2,0,0,2,0,0,1,19,10,0,1,1,0
40,1,2,1,0,1,1,0,1,18,3,1,1,2,0
50,1,1,0,0,2,1,0,1,14,2,3,0,0,0
51,1,2,0,0,2,0,0,1,8,0,2,1,0,0
38,1,3,1,0,3,1,0,1,14,2,0,0,1,0
60,1,2,0,0,1,1,0,1,17,4,1,0,2,0
61,0,3,1,1,11,3,1,6,37,23,9,6,1,1
95,0,5,5,1,6,4,1,5,24,37,4,5,2,1
125,1,8,8,2,11,7,1,5,61,6,15,4,1,1
159,0,6,6,0,6,8,1,2,51,11,5,5,8,1
96,0,10,6,1,12,7,0,5,71,48,5,1,6,1
45,1,1,0,0,0,1,0,2,8,5,3,1,0,0
87,1,6,5,1,8,8,1,4,39,57,10,6,4,1
36,1,3,1,0,2,1,0,2,12,0,2,0,0,0
159,1,10,3,2,9,3,1,4,74,33,10,1,3,1
134,1,10,1,2,8,7,1,4,55,35,7,5,3,1
43,1,2,0,0,0,0,0,2,8,9,1,0,2,0
16,1,1,0,0,2,1,0,1,20,7,1,0,2,0
35,1,3,0,0,0,0,0,2,18,2,1,0,2,0
18,1,2,1,0,0,0,0,1,11,1,2,1,1,0
74,1,4,3,0,12,6,0,6,63,52,12,1,1,1
75,1,9,2,1,2,2,1,4,61,29,14,4,5,1
25,1,2,0,0,3,0,0,1,0,0,3,0,0,0
51,1,2,0,0,1,0,0,2,16,4,0,1,1,0
132,0,3,4,2,15,5,0,5,34,55,5,2,1,1
23,1,2,1,0,2,0,0,2,10,10,3,1,2,0
52,1,1,1,0,3,0,0,1,15,2,3,1,2,0
58,1,1,0,0,2,1,0,2,9,8,0,0,0,0
35,1,2,0,0,0,1,0,2,10,2,3,0,2,0
48,1,3,0,0,1,1,0,2,2,0,1,0,0,0
21,1,2,1,0,3,1,0,2,5,7,2,0,0,0
53,1,3,1,0,1,0,0,2,2,8,1,1,2,0
36,1,3,1,0,1,0,0,2,19,1,0,0,0,0
56,1,1,1,0,1,0,0,1,19,6,2,1,1,0
47,1,2,1,0,0,0,0,2,16,3,3,1,2,0
57,1,7,2,1,14,5,1,2,50,20,8,2,5,1
20,1,1,1,0,3,0,0,2,12,3,3,0,0,0
26,1,2,0,0,1,1,0,1,16,4,2,0,1,0
32,1,1,0,0,1,1,0,1,16,1,0,0,2,0
34,1,3,0,0,1,1,0,2,7,9,3,1,1,0
54,0,3,7,1,6,5,1,5,71,40,9,1,2,1
25,1,2,0,0,3,0,0,1,8,5,1,1,0,0
89,0,8,6,1,8,3,0,6,68,49,3,2,6,1
106,0,5,7,1,11,5,1,6,52,52,10,1,6,1
54,1,2,0,0,3,0,0,1,12,5,2,0,0,0
33,1,3,1,0,3,1,0,2,11,2,2,0,0,0
48,1,1,0,0,2,0,0,1,1,6,1,1,1,0
52,1,2,1,0,0,1,0,1,6,6,3,0,1,0
54,1,1,0,0,3,1,0,2,1,1,2,1,1,0
128,0,10,5,1,10,8,0,6,50,9,11,2,3,1
161,1,5,7,0,9,6,1,5,19,39,7,5,8,1
24,1,2,1,0,2,1,0,1,12,4,3,0,1,0
64,1,7,1,0,14,3,1,3,53,39,12,1,7,1
54,1,2,1,0,1,1,0,1,13,7,0,1,2,0
85,1,7,2,0,2,8,0,4,30,14,14,5,7,1
154,1,5,5,1,9,3,1,3,64,55,13,4,7,1
22,1,2,0,0,3,1,0,1,6,0,1,0,2,0
59,1,1,0,0,1,0,0,2,2,5,1,1,0,0
22,1,2,0,0,1,0,0,2,16,10,3,1,1,0
133,0,8,7,1,6,7,1,2,74,52,9,4,4,1
55,1,2,1,0,1,0,0,1,15,10,3,1,0,0
98,0,7,6,2,7,6,1,2,46,28,8,5,3,1
111,0,3,7,2,10,2,1,5,13,37,4,3,2,1
60,0,10,7,0,6,3,0,6,55,34,15,4,7,1
37,1,2,1,0,1,1,0,1,7,4,0,0,2,0
46,1,2,1,0,3,0,0,2,3,3,2,1,0,0
24,1,1,1,0,2,0,0,1,16,4,2,0,0,0
85,1,9,2,2,8,7,1,3,11,38,6,6,1,1
143,1,10,8,1,6,6,1,4,11,31,11,6,7,1
26,1,1,0,0,0,0,0,2,1,6,2,1,0,0
130,0,7,7,0,10,5,0,5,33,53,15,6,2,1
106,0,9,7,2,3,8,1,5,25,38,7,6,6,1
36,1,2,0,0,2,0,0,1,7,10,2,0,1,0
127,0,6,3,2,8,2,0,6,61,20,10,3,6,1
41,1,2,1,0,3,1,0,2,3,3,0,1,0,0
55,1,2,0,0,1,1,0,2,7,2,0,0,0,0
39,1,3,0,0,2,1,0,2,11,3,0,1,2,0
47,1,2,1,0,1,1,0,1,6,5,2,1,2,0
121,1,4,8,1,11,6,0,5,53,54,10,3,3,1
33,1,1,1,0,1,1,0,1,4,0,1,1,1,0
40,1,3,1,0,1,0,0,2,1,0,2,0,2,0
85,0,9,3,0,8,4,1,3,18,52,15,5,4,1
28,1,3,0,0,1,1,0,2,1,1,0,0,0,0
35,1,1,0,0,1,1,0,1,19,9,1,0,1,0
27,1,2,1,0,3,1,0,1,10,2,2,0,2,0
89,1,8,7,1,2,2,1,2,54,12,4,1,3,1
162,1,4,6,0,13,7,0,4,33,35,8,2,4,1
180,1,4,5,2,12,2,0,3,71,35,3,1,8,1
152,0,9,6,2,11,8,1,2,12,19,3,3,5,1
16,1,2,1,0,1,1,0,1,20,10,2,0,2,0
17,1,2,1,0,0,0,0,2,20,5,1,1,0,0
61,0,3,6,2,8,8,1,3,15,51,8,6,7,1
25,1,1,0,0,3,1,0,2,17,3,2,1,2,0
103,0,3,1,2,15,7,0,2,35,45,8,2,7,1
51,1,3,1,0,3,1,0,2,15,9,3,1,0,0
41,1,1,0,0,1,1,0,1,7,1,3,1,2,0
25,1,3,1,0,0,0,0,1,19,3,0,1,1,0
91,0,6,7,2,15,5,1,5,68,49,15,1,7,1
103,1,4,6,2,8,7,0,4,61,57,9,6,8,1
32,1,2,0,0,3,1,0,1,13,5,3,0,1,0
142,1,6,8,1,4,6,1,2,74,48,15,2,2,1
141,0,10,4,0,5,4,0,3,29,9,9,5,5,1
20,1,2,1,0,0,0,0,1,13,8,0,0,1,0
146,1,9,5,0,4,8,0,3,65,12,3,4,5,1
33,1,3,1,0,2,0,0,1,14,1,2,0,2,0
165,0,5,4,1,2,2,1,4,61,36,6,2,8,1
165,1,6,6,0,5,8,0,2,20,10,4,3,6,1
73,0,6,7,1,13,4,0,3,75,59,8,1,6,1
89,1,4,7,0,14,3,0,2,18,7,4,2,3,1
49,1,2,0,0,0,0,0,2,7,2,2,1,1,0
60,1,1,1,0,3,0,0,1,3,2,3,1,2,0
20,1,2,1,0,3,1,0,1,2,4,0,0,1,0
115,1,4,3,0,5,2,1,6,77,48,13,3,7,1
33,1,1,1,0,3,1,0,2,12,9,2,0,1,0
52,1,9,1,2,3,5,0,3,41,45,14,6,1,1
50,0,5,8,2,6,6,1,5,41,20,5,6,8,1
75,0,7,6,2,4,5,1,3,38,5,4,1,4,1
111,0,5,3,2,9,2,0,5,76,57,13,4,8,1
140,0,10,2,1,9,8,1,3,41,45,12,3,5,1
24,1,1,1,0,3,0,0,2,12,1,2,1,1,0
15,1,1,1,0,3,0,0,2,20,6,1,1,1,0
172,1,8,3,1,2,8,1,4,58,9,12,2,6,1
47,1,3,1,0,1,0,0,2,3,10,1,0,1,0
57,1,1,1,0,2,1,0,2,15,1,3,1,2,0
58,1,2,0,0,0,0,0,1,11,6,1,1,0,0
148,0,4,4,2,13,6,1,5,57,8,12,3,2,1
94,1,8,8,2,11,6,1,5,21,5,7,4,4,1
86,1,8,8,1,14,8,0,6,15,34,3,3,2,1
37,1,2,1,0,3,0,0,2,13,3,1,1,2,0
43,1,3,0,0,0,0,0,1,7,9,2,0,1,0
56,1,1,0,0,3,0,0,2,14,5,2,0,1,0
15,1,3,0,0,0,0,0,2,8,6,3,0,0,0
35,1,2,1,0,1,0,0,1,13,8,2,1,1,0
48,1,1,0,0,1,1,0,1,4,9,3,1,2,0
161,1,7,1,2,10,8,0,6,69,14,8,1,5,1
143,0,7,4,2,3,5,1,3,21,15,9,3,6,1
46,1,2,0,0,0,1,0,1,13,3,0,0,1,0
44,1,1,0,0,1,0,0,2,17,10,1,1,0,0
154,1,5,2,1,7,5,0,4,69,51,7,2,2,1
40,1,3,1,0,0,1,0,1,0,4,0,0,1,0
174,1,7,7,0,9,7,1,3,66,53,4,6,6,1
31,1,2,1,0,3,1,0,2,4,4,1,0,1,0
33,1,3,0,0,3,1,0,1,10,9,2,0,0,0
49,1,1,0,0,2,0,0,1,9,3,1,0,0,0
59,1,3,0,0,0,0,0,2,12,5,2,1,2,0
42,1,1,1,0,2,0,0,1,7,4,0,1,0,0
21,1,2,1,0,2,1,0,2,9,0,0,0,2,0
49,1,3,1,0,2,1,0,2,5,0,1,1,0,0
57,1,10,6,2,4,2,0,5,60,26,3,6,3,1
22,1,1,0,0,0,1,0,1,1,4,3,0,1,0
102,1,7,8,1,9,7,1,4,42,50,9,2,7,1
176,0,10,2,2,12,4,0,4,28,24,8,2,8,1
97,0,9,7,0,14,6,1,5,12,46,7,6,8,1
117,1,5,4,1,4,6,1,6,75,30,12,1,8,1
123,1,10,3,2,14,4,1,4,58,24,9,1,4,1
119,1,3,2,2,5,2,1,5,37,29,11,4,3,1
27,1,1,0,0,0,1,0,2,15,4,3,0,1,0
34,1,3,1,0,2,0,0,2,7,6,2,1,0,0
166,0,3,2,2,7,4,0,5,34,59,4,5,6,1
39,1,2,1,0,3,1,0,2,3,8,0,0,2,0
149,1,9,7,1,15,5,1,4,51,45,5,3,7,1
110,1,6,6,2,9,6,1,3,41,12,14,2,2,1
47,1,2,1,0,2,1,0,1,8,3,0,0,1,0
45,1,1,1,0,2,1,0,2,14,0,1,0,2,0
44,1,3,1,0,2,0,0,2,18,10,2,1,1,0
179,1,5,6,2,13,3,0,4,19,52,15,3,5,1
30,1,3,1,0,0,1,0,1,17,10,1,1,1,0
21,1,2,1,0,1,1,0,1,10,3,3,0,0,0
37,1,1,1,0,2,0,0,1,4,2,3,0,2,0
35,1,1,1,0,1,0,0,2,8,10,0,0,2,0
41,1,2,0,0,3,1,0,1,14,5,0,0,1,0
27,1,1,0,0,0,1,0,1,11,5,2,1,2,0
139,0,4,2,0,15,5,1,5,71,54,9,2,6,1
71,1,6,8,2,2,8,0,5,30,56,3,2,4,1
125,0,3,5,2,3,2,0,2,61,24,9,5,7,1
43,1,3,0,0,1,0,0,2,6,10,1,1,0,0
149,0,8,2,0,6,2,0,5,60,55,3,4,6,1
29,1,1,0,0,0,0,0,2,9,8,3,0,0,0
125,0,4,2,1,12,4,1,4,33,39,7,2,1,1
71,0,6,3,1,15,8,1,3,73,21,6,4,6,1
90,0,8,8,0,10,8,1,3,71,35,11,3,8,1
123,0,9,5,2,14,7,0,2,28,58,5,3,6,1
54,1,3,1,0,2,1,0,2,19,2,0,1,0,0
62,0,10,2,0,8,7,0,3,22,29,5,4,8,1
108,0,4,2,1,5,2,1,6,70,18,14,5,8,1
46,1,1,1,0,3,1,0,1,8,0,1,0,1,0
52,1,3,0,0,0,0,0,1,2,1,0,0,2,0
67,0,10,5,2,5,5,1,4,63,34,3,4,2,1
53,0,4,6,1,3,6,1,2,40,35,6,6,5,1
16,1,3,0,0,2,0,0,1,19,3,1,1,2,0
63,0,10,6,1,12,3,0,4,31,19,12,4,3,1
49,1,2,1,0,3,0,0,2,7,8,2,0,1,0
42,1,3,1,0,0,1,0,1,13,10,2,1,1,0
30,1,2,0,0,1,1,0,1,18,10,0,0,2,0
158,0,10,8,2,15,6,0,4,38,5,4,3,7,1
93,1,10,7,2,2,8,0,2,18,44,13,6,5,1
136,0,6,2,1,3,2,1,6,64,29,7,4,7,1
175,0,10,4,2,2,2,1,6,68,31,3,6,2,1
91,1,10,7,2,12,7,0,5,10,15,10,2,7,1
171,0,4,5,1,12,8,1,6,45,25,12,1,1,1
121,0,6,2,0,11,2,0,3,44,7,6,5,1,1
38,1,2,0,0,0,0,0,1,7,6,0,0,2,0
128,0,4,4,1,8,4,0,6,39,52,9,5,3,1
117,1,8,7,1,11,2,0,5,42,18,15,4,8,1
60,0,9,1,1,3,7,1,3,41,55,4,5,5,1
79,1,9,6,1,6,3,0,2,71,43,3,3,6,1
82,0,10,8,0,5,5,0,6,45,19,12,5,2,1
48,1,1,1,0,1,1,0,1,14,2,3,0,1,0
119,1,7,8,1,10,5,1,4,69,46,15,4,6,1
50,1,1,0,0,2,1,0,1,1,10,0,1,0,0
60,1,10,4,2,9,2,0,6,61,39,10,4,7,1
72,0,7,6,2,15,8,0,4,75,19,5,3,2,1
54,0,9,6,2,12,3,1,4,52,42,6,2,2,1
37,1,3,1,0,1,1,0,2,3,8,3,1,0,0
49,1,3,0,0,2,1,0,2,4,7,1,1,0,0
17,1,3,0,0,2,1,0,1,1,9,2,1,1,0
38,1,1,1,0,3,1,0,1,18,5,2,1,2,0
155,1,7,3,2,9,5,0,2,41,8,11,4,4,1
146,0,6,4,0,15,4,0,3,59,10,15,3,7,1
48,1,2,1,0,1,0,0,1,1,0,2,0,1,0
26,1,2,1,0,0,0,0,1,16,1,0,1,1,0
174,0,10,7,1,11,7,0,2,65,47,5,4,5,1
108,0,9,4,2,4,8,0,5,66,5,9,4,2,1
54,1,2,1,0,1,0,0,1,16,2,0,1,2,0
47,1,3,0,0,0,0,0,1,16,9,3,0,1,0
49,1,1,1,0,2,0,0,2,18,0,1,0,2,0
52,1,1,1,0,2,1,0,1,1,4,3,1,0,0
125,1,10,5,2,7,5,1,5,17,57,6,2,2,1
58,1,1,1,0,3,1,0,2,11,7,3,0,1,0
105,1,6,4,0,8,6,1,6,54,25,14,4,2,1
22,1,2,1,0,0,1,0,1,10,1,0,1,0,0
41,1,2,1,0,0,1,0,2,16,7,3,1,0,0
15,1,1,1,0,2,1,0,2,11,0,3,0,2,0
19,1,2,1,0,3,1,0,1,8,1,3,0,1,0
20,1,1,0,0,0,1,0,2,6,9,1,0,2,0
143,1,4,4,1,10,3,0,3,14,5,5,4,5,1
134,0,8,3,2,7,7,0,3,11,32,9,6,2,1
25,1,3,1,0,0,1,0,2,16,3,3,0,2,0
45,1,2,1,0,2,0,0,1,7,1,0,0,0,0
140,1,7,7,1,10,8,0,6,33,60,11,1,2,1
145,1,10,8,2,9,2,0,5,45,8,12,6,6,1
77,0,4,5,1,4,7,0,3,23,25,12,5,5,1
85,1,9,8,1,10,2,1,2,39,54,11,1,3,1
81,0,8,7,2,10,2,0,4,18,43,3,4,5,1
33,1,1,1,0,1,1,0,2,16,0,1,1,2,0
43,1,3,0,0,1,0,0,2,18,8,3,1,2,0
20,1,3,1,0,3,0,0,2,11,8,0,1,2,0
49,1,1,1,0,3,1,0,2,0,3,2,0,2,0
79,1,5,2,1,5,4,0,6,57,37,5,1,6,1
172,1,6,1,0,9,4,0,6,31,20,10,1,2,1
119,1,4,6,1,9,2,0,5,79,17,10,4,8,1
176,1,6,3,0,2,4,0,2,32,39,13,6,6,1
180,1,10,5,2,4,4,1,4,21,50,4,4,1,1
40,1,3,1,0,1,0,0,1,16,1,2,0,2,0
23,1,1,1,0,1,0,0,2,7,0,0,1,0,0
119,1,3,6,2,14,5,1,6,66,56,9,3,8,1
50,0,9,3,2,6,6,1,2,54,59,11,4,8,1
56,1,6,5,1,3,7,0,2,52,48,13,1,6,1
96,0,4,2,1,3,7,0,5,54,40,3,3,4,1
112,0,9,8,0,6,4,1,4,61,44,14,3,7,1
18,1,2,1,0,3,1,0,2,3,9,1,1,1,0
40,1,1,0,0,3,0,0,2,3,2,1,1,2,0
122,1,6,5,0,9,8,0,3,53,7,5,4,3,1
20,1,3,1,0,1,1,0,1,15,5,0,1,1,0
26,1,3,0,0,0,0,0,1,10,6,2,0,2,0
137,1,8,1,1,12,2,0,6,70,58,5,1,4,1
119,0,7,8,1,3,8,1,3,14,12,5,5,4,1
48,1,1,0,0,3,1,0,1,14,2,2,1,0,0
77,0,7,5,2,11,3,0,3,24,43,3,2,3,1
117,0,7,7,1,14,8,0,2,77,33,8,2,4,1
49,1,3,1,0,0,0,0,1,1,3,3,1,1,0
103,1,4,3,2,11,8,0,3,35,28,13,5,7,1
34,1,2,0,0,3,0,0,2,17,4,2,0,0,0
24,1,3,1,0,3,1,0,1,15,4,3,1,0,0
55,1,2,0,0,0,1,0,1,9,3,2,0,0,0
97,0,5,3,2,7,7,0,6,25,59,6,2,8,1
76,1,5,2,1,13,5,0,6,79,24,3,1,4,1
32,1,3,0,0,0,1,0,1,0,2,3,1,0,0
60,1,3,1,0,2,1,0,2,3,5,0,0,0,0
46,1,3,0,0,3,0,0,2,10,10,0,1,1,0
158,0,10,5,2,5,2,0,3,66,60,7,1,4,1
64,1,7,3,2,6,6,0,2,21,46,5,4,8,1
142,0,8,4,2,11,2,0,5,77,18,11,3,1,1
128,0,4,2,1,3,7,0,4,79,41,6,2,6,1
20,1,2,1,0,1,1,0,2,15,1,2,0,1,0
59,1,3,0,0,1,0,0,2,12,0,0,0,0,0
32,1,3,1,0,3,1,0,1,0,0,0,0,0,0
25,1,2,1,0,2,1,0,1,5,0,3,1,0,0
60,1,1,0,0,2,0,0,2,11,4,3,0,0,0
34,1,3,0,0,0,0,0,2,7,4,3,1,0,0
138,0,5,5,2,5,5,0,5,39,50,14,3,2,1
55,1,1,1,0,0,0,0,1,14,8,1,1,1,0
47,1,2,0,0,2,1,0,2,10,4,3,1,2,0
101,1,9,1,1,10,8,1,5,24,9,5,6,1,1
143,0,9,6,0,6,7,1,6,10,49,11,2,8,1
38,1,2,1,0,3,1,0,1,4,1,0,1,2,0
135,0,8,4,2,8,8,0,4,17,7,3,2,1,1
145,0,7,6,2,3,3,1,6,18,33,5,4,4,1
79,1,10,8,1,3,4,1,3,26,29,7,3,2,1
36,1,1,1,0,3,0,0,1,1,3,1,0,1,0
151,1,5,5,0,3,3,0,5,31,31,8,2,5,1
52,1,1,1,0,1,1,0,1,10,8,3,0,0,0
142,1,3,3,1,12,7,1,5,59,57,4,2,4,1
45,1,2,1,0,3,0,0,1,5,5,2,1,1,0
51,1,5,8,0,2,3,1,5,57,15,9,6,1,1
56,1,9,3,2,13,7,0,5,43,5,13,5,1,1
102,0,7,2,0,10,4,1,3,67,30,10,4,4,1
33,1,2,0,0,0,0,0,1,20,7,3,1,2,0
166,0,8,5,1,9,5,1,3,18,37,11,4,6,1
62,0,5,8,0,12,4,0,2,80,9,8,1,8,1
176,1,8,4,2,4,7,1,3,13,51,8,6,7,1
128,1,9,3,2,9,6,1,2,71,8,8,5,4,1
18,1,1,0,0,3,0,0,2,8,1,3,0,0,0
43,1,2,0,0,0,1,0,1,4,1,0,1,0,0
97,1,3,6,2,3,5,0,4,75,35,10,4,1,1
24,1,1,0,0,0,0,0,2,3,5,1,0,1,0
59,1,2,0,0,0,0,0,2,10,5,2,0,2,0
57,1,2,0,0,3,1,0,1,17,8,1,0,0,0
55,1,3,1,0,1,0,0,2,14,3,2,1,2,0
41,1,2,0,0,3,1,0,2,15,9,2,1,2,0
164,1,8,3,0,9,6,1,3,32,48,7,4,6,1
28,1,3,0,0,0,0,0,2,5,8,3,0,1,0
44,1,1,1,0,3,1,0,1,16,2,2,1,0,0
54,1,1,0,0,1,0,0,1,11,0,1,0,0,0
42,1,3,1,0,2,0,0,1,7,7,0,1,2,0
82,0,10,3,1,2,6,0,4,52,45,8,2,5,1
17,1,1,0,0,2,0,0,1,0,6,3,1,0,0
39,1,2,1,0,2,1,0,1,14,7,2,1,2,0
28,1,1,0,0,3,1,0,1,1,10,2,1,1,0
21,1,3,0,0,1,0,0,1,4,6,1,1,1,0
159,0,4,2,1,6,2,0,4,10,53,15,6,8,1
129,0,8,6,0,11,2,1,6,64,58,6,4,6,1
56,1,2,1,0,1,1,0,1,11,8,1,0,2,0
43,1,3,0,0,2,0,0,1,5,3,1,0,1,0
139,0,3,8,0,4,6,1,4,12,42,12,2,4,1
32,1,3,1,0,1,0,0,2,4,9,0,1,0,0
106,1,3,3,1,4,4,1,5,12,39,14,6,2,1
158,0,9,6,0,9,5,1,6,35,11,6,2,5,1
101,0,8,7,1,3,7,1,3,28,49,9,2,1,1
123,1,10,4,2,11,8,1,6,77,56,8,5,6,1
32,1,3,0,0,3,0,0,2,16,3,0,0,1,0
111,1,4,7,2,9,3,0,2,28,32,5,2,7,1
87,1,3,8,0,11,3,0,6,16,25,7,6,8,1
18,1,2,1,0,1,1,0,1,1,10,1,1,2,0
67,1,5,6,2,13,6,1,5,68,36,3,6,4,1
23,1,3,1,0,3,0,0,2,7,8,3,1,0,0
129,1,3,4,1,4,4,1,3,53,46,14,6,6,1
71,1,8,1,1,13,5,1,5,73,52,11,6,4,1
180,1,9,5,0,6,5,1,6,19,59,11,4,1,1
24,1,2,1,0,2,0,0,2,1,7,2,0,1,0
48,1,2,1,0,1,1,0,1,0,5,2,0,0,0
34,1,1,0,0,3,1,0,1,8,9,1,1,2,0
105,1,4,2,2,3,8,1,2,39,51,9,5,6,1
80,0,3,1,2,12,4,0,3,50,46,4,2,2,1
25,1,2,0,0,1,0,0,1,16,0,0,1,1,0
59,1,3,1,0,0,1,0,2,14,10,1,0,1,0
85,0,4,2,0,14,4,0,3,80,22,3,5,4,1
16,1,1,0,0,2,1,0,1,5,2,0,1,1,0
25,1,3,0,0,2,0,0,2,14,0,1,1,0,0
134,1,10,1,1,14,5,0,6,62,59,6,4,6,1
78,1,5,6,0,14,8,1,5,30,50,11,5,8,1
28,1,2,0,0,0,0,0,2,0,4,0,1,2,0
41,1,1,0,0,1,1,0,2,18,3,2,0,2,0
29,1,1,0,0,1,0,0,1,2,8,2,1,2,0
57,1,2,1,0,1,1,0,2,17,3,2,0,1,0
25,1,3,0,0,1,0,0,1,10,6,0,0,0,0
142,1,10,6,2,11,5,0,5,41,28,9,1,7,1
109,1,4,2,2,10,7,0,2,31,35,7,4,8,1
20,1,3,1,0,2,1,0,2,10,6,3,1,2,0
60,1,5,7,0,8,6,1,4,56,27,6,1,3,1
31,1,2,0,0,2,0,0,2,13,4,1,1,2,0
50,1,1,1,0,1,0,0,2,15,0,2,1,0,0
50,1,1,0,0,0,1,0,1,20,4,3,1,0,0
78,0,9,4,2,14,8,0,5,42,25,8,5,3,1
29,1,1,1,0,3,0,0,1,17,7,0,1,2,0
20,1,2,0,0,0,0,0,2,7,7,1,1,2,0
23,1,1,1,0,1,1,0,2,5,10,0,0,2,0
74,0,7,4,1,11,7,1,5,12,46,14,3,6,1
49,1,2,1,0,3,0,0,2,17,8,3,0,0,0
95,0,9,3,0,2,3,0,3,24,30,9,2,8,1
27,1,1,0,0,0,0,0,1,6,3,1,1,2,0
45,1,3,1,0,2,1,0,2,6,6,3,1,0,0
51,1,2,0,0,2,1,0,1,3,9,2,1,2,0
56,1,2,1,0,1,1,0,2,0,10,3,0,1,0
42,1,2,1,0,0,0,0,1,20,4,1,1,0,0
41,1,1,0,0,0,0,0,2,15,3,0,1,0,0
58,1,1,1,0,3,1,0,2,13,2,3,1,1,0
58,0,4,6,2,10,3,1,3,80,56,15,4,5,1
128,1,7,1,1,13,8,0,2,50,30,5,5,5,1
45,1,1,1,0,0,0,0,2,1,2,3,0,1,0
53,1,3,1,0,3,1,0,1,10,2,1,0,2,0
53,1,7,4,1,15,4,0,6,54,53,4,4,1,1
155,0,8,8,0,7,6,0,4,72,32,4,3,4,1
56,1,2,0,0,3,0,0,2,19,1,2,1,1,0
26,1,3,1,0,1,1,0,2,17,7,0,0,0,0
64,1,5,5,1,8,4,0,4,65,14,4,1,7,1
136,0,8,2,2,7,3,0,2,26,51,14,5,1,1
146,1,7,6,1,7,6,1,5,62,56,10,3,3,1
36,1,1,0,0,0,0,0,1,16,8,1,1,1,0
28,1,3,1,0,1,1,0,2,3,10,2,1,2,0
53,1,9,2,1,6,8,0,2,63,26,6,2,1,1
68,1,10,3,0,4,7,0,5,20,14,4,2,1,1
154,0,7,5,0,8,5,1,3,65,51,11,1,8,1
142,1,7,4,2,9,3,1,5,27,16,3,5,7,1
45,1,1,1,0,2,0,0,1,20,3,3,1,1,0
51,1,3,1,0,3,0,0,1,15,2,2,1,2,0
57,0,5,7,1,10,3,1,6,29,21,13,3,5,1
42,1,2,0,0,1,0,0,2,13,5,1,0,0,0
40,1,1,1,0,3,1,0,2,8,6,2,0,0,0
26,1,1,0,0,0,0,0,1,1,5,3,1,2,0
48,1,1,1,0,0,0,0,2,17,9,3,0,2,0
49,1,1,0,0,1,0,0,1,8,7,3,0,2,0
15,1,3,1,0,2,1,0,2,3,3,0,0,2,0
104,0,6,4,2,12,7,1,2,63,56,6,5,1,1
35,1,2,1,0,3,0,0,2,12,10,1,1,0,0
153,1,6,4,0,15,3,1,2,62,47,4,4,6,1
135,1,8,4,2,2,6,1,3,75,32,15,4,3,1
105,0,6,1,2,11,8,1,3,14,57,11,1,7,1
44,1,1,0,0,3,0,0,1,6,8,0,0,1,0
34,1,2,0,0,1,1,0,2,1,7,3,0,1,0
18,1,3,1,0,3,1,0,1,10,6,0,1,0,0
153,0,3,2,2,15,5,0,5,66,33,7,1,7,1
49,1,2,1,0,0,0,0,1,13,5,0,0,1,0
23,1,3,1,0,1,1,0,1,18,6,2,1,0,0
28,1,1,0,0,3,0,0,1,13,0,3,1,2,0
118,1,6,2,0,9,8,1,2,80,8,3,4,8,1
156,0,6,4,2,8,3,1,3,31,32,14,1,2,1
150,0,8,1,1,14,8,0,5,27,51,7,4,6,1
71,0,6,7,2,9,8,1,6,66,25,6,4,6,1
44,1,1,0,0,0,1,0,2,12,8,1,1,2,0
22,1,1,1,0,3,1,0,1,20,7,1,1,1,0
30,1,2,0,0,3,0,0,2,17,5,1,1,1,0
142,1,4,2,0,8,4,1,5,44,35,14,1,6,1
35,1,2,0,0,1,0,0,2,0,4,2,0,2,0
34,1,2,1,0,3,1,0,2,6,10,3,1,0,0
31,1,1,1,0,0,0,0,2,8,6,2,0,2,0
118,1,8,8,1,5,7,1,5,32,36,5,1,4,1
18,1,2,1,0,3,1,0,2,2,4,0,1,2,0
153,1,3,2,0,10,7,0,6,75,20,14,5,4,1
69,0,4,2,0,7,4,0,4,21,27,8,3,2,1
38,1,3,1,0,1,1,0,1,5,1,1,1,2,0
95,0,3,6,1,8,6,1,2,19,18,11,1,5,1
87,1,10,3,2,15,3,0,3,18,26,8,2,6,1
94,1,8,5,2,10,8,0,6,26,43,4,6,7,1
27,1,2,1,0,1,1,0,2,18,6,1,1,0,0
127,0,5,7,1,15,4,1,2,77,45,13,4,3,1
155,1,5,1,1,7,6,0,2,19,59,12,2,1,1
41,1,2,0,0,3,1,0,2,14,9,2,1,2,0
19,1,1,1,0,2,1,0,2,8,8,1,1,2,0
55,1,2,0,0,2,1,0,2,4,0,3,1,1,0
148,0,9,6,2,4,3,0,2,34,23,13,3,6,1
60,0,6,5,2,5,2,1,4,10,13,12,6,5,1
19,1,1,1,0,1,0,0,2,17,9,0,1,0,0
16,1,1,1,0,3,1,0,1,4,10,1,1,0,0
59,1,2,0,0,3,0,0,1,17,10,2,1,0,0
171,0,3,7,2,13,8,0,2,32,50,11,2,4,1
47,1,1,1,0,0,1,0,2,20,9,0,1,2,0
127,1,3,7,0,10,4,0,5,43,32,10,5,8,1
55,1,5,7,1,14,4,0,4,12,40,8,3,8,1
42,1,1,0,0,2,0,0,2,8,9,3,0,1,0
111,1,4,1,1,13,3,0,4,13,37,8,4,3,1
180,0,10,2,1,2,4,1,5,59,8,13,4,5,1
47,1,2,0,0,0,1,0,1,7,8,3,1,1,0
35,1,2,0,0,1,0,0,2,11,10,1,1,2,0
160,0,8,1,0,2,2,1,6,32,19,7,5,7,1
51,1,2,1,0,0,1,0,1,9,5,1,0,1,0
55,1,1,0,0,1,0,0,2,5,7,2,0,1,0
25,1,3,0,0,3,0,0,2,20,6,0,0,2,0
147,1,6,8,2,6,5,0,3,36,5,15,2,2,1
148,1,5,4,1,8,8,1,5,56,17,12,5,8,1
56,1,1,0,0,3,1,0,1,16,5,2,1,1,0
49,1,3,0,0,0,1,0,2,9,0,3,1,1,0
117,0,10,1,0,15,2,1,3,11,10,10,2,2,1
28,1,2,0,0,0,1,0,1,20,9,3,1,0,0
118,1,6,7,0,9,5,1,4,65,7,6,2,1,1
83,0,6,8,1,15,6,0,6,69,17,12,4,4,1
59,1,3,1,0,1,1,0,1,5,8,1,0,0,0
86,1,8,2,2,8,7,0,4,14,35,8,4,4,1
30,1,3,0,0,1,1,0,2,13,10,0,0,2,0
100,0,8,5,2,5,5,1,2,27,33,13,1,5,1
18,1,2,0,0,2,0,0,1,5,8,1,1,2,0
43,1,3,0,0,1,1,0,2,13,1,0,1,2,0
69,1,10,4,2,14,4,0,4,65,32,7,1,8,1
40,1,2,1,0,3,1,0,1,14,9,2,1,2,0
23,1,1,0,0,2,0,0,2,4,0,1,0,2,0
57,1,5,8,2,3,2,0,2,45,29,8,5,8,1
128,0,9,1,2,9,5,1,4,66,32,14,2,5,1
164,1,6,2,1,14,6,0,3,80,47,7,6,7,1
51,0,5,8,2,12,5,1,5,30,16,13,1,6,1
173,0,10,5,0,14,4,1,6,50,55,6,3,4,1
51,1,10,1,1,3,5,0,4,72,53,15,5,2,1
74,1,8,8,1,8,5,0,4,41,30,6,1,7,1
155,1,5,6,0,3,5,1,6,38,54,15,3,5,1
26,1,3,0,0,2,1,0,2,17,2,1,1,2,0
50,1,3,1,0,0,0,0,1,2,10,2,0,2,0
55,1,2,0,0,3,0,0,1,8,7,1,1,1,0
119,1,8,3,1,14,2,0,3,70,38,8,6,3,1
59,1,3,1,0,0,0,0,2,20,9,2,1,0,0
54,1,2,0,0,2,1,0,1,11,5,2,0,0,0
21,1,2,0,0,2,0,0,1,3,5,0,1,1,0
30,1,3,0,0,0,0,0,1,15,5,1,1,0,0
77,1,8,4,0,4,7,0,6,72,20,6,4,7,1
43,1,1,0,0,2,1,0,2,12,1,0,1,2,0
59,0,8,3,2,2,4,1,6,65,52,6,1,7,1
78,0,7,1,0,12,2,1,6,43,9,7,2,1,1
47,1,3,1,0,3,1,0,1,14,2,1,0,2,0
24,1,3,0,0,0,1,0,2,1,2,2,0,0,0
127,1,6,5,1,2,8,1,3,50,8,7,6,6,1
31,1,2,1,0,0,0,0,2,19,1,2,1,2,0
99,1,8,6,0,9,3,1,5,33,54,8,1,2,1
44,1,3,0,0,3,1,0,2,10,0,0,1,0,0
21,1,2,0,0,2,0,0,1,19,0,2,0,2,0
128,0,9,5,0,4,5,1,3,74,29,3,5,5,1
21,1,3,0,0,0,0,0,2,11,4,3,0,2,0
27,1,2,1,0,2,0,0,1,10,10,1,1,1,0
97,0,7,7,1,11,8,1,6,64,14,14,2,5,1
53,0,9,8,2,7,5,0,4,60,34,11,4,6,1
64,0,7,7,0,2,5,0,2,23,24,14,2,4,1
154,0,6,2,0,12,2,1,6,39,44,7,3,6,1
122,0,4,7,2,7,8,1,6,63,48,13,5,6,1
51,1,1,0,0,3,1,0,2,7,2,1,0,0,0
48,1,1,0,0,2,0,0,1,10,2,2,0,0,0
39,1,3,1,0,2,0,0,2,20,10,2,1,0,0
124,1,9,3,1,8,7,0,5,14,33,6,4,7,1
59,0,5,4,1,11,7,1,2,53,45,5,1,7,1
58,1,2,1,0,0,1,0,1,20,2,0,0,0,0
106,0,6,6,0,14,8,0,3,66,50,5,2,4,1
174,0,4,4,2,10,3,0,3,23,39,15,1,8,1
35,1,1,0,0,3,1,0,2,18,3,2,0,2,0
71,0,9,6,2,9,2,1,4,49,53,6,1,3,1
28,1,1,0,0,1,0,0,1,2,5,2,0,1,0
148,1,4,7,2,7,6,1,3,43,16,11,4,8,1
70,0,5,2,0,2,3,1,2,14,54,14,5,4,1
19,1,3,0,0,3,0,0,2,3,3,0,1,0,0
39,1,2,0,0,0,1,0,1,9,7,3,1,0,0
15,1,1,0,0,2,1,0,2,17,6,0,1,2,0
27,1,3,0,0,0,0,0,1,17,1,2,0,0,0
93,0,3,1,2,11,4,0,6,51,9,15,5,6,1
29,1,3,0,0,0,1,0,2,12,1,2,0,2,0
19,1,2,0,0,0,0,0,1,11,9,0,0,0,0
50,1,2,0,0,0,1,0,1,19,6,1,0,1,0
142,0,10,5,1,12,6,0,6,80,41,10,3,5,1
28,1,1,1,0,2,0,0,2,2,3,1,0,1,0
25,1,2,0,0,1,0,0,2,15,1,3,0,1,0
66,0,8,5,2,12,7,0,3,76,35,5,2,7,1
161,0,8,5,1,10,4,0,5,15,37,6,6,4,1
129,1,3,5,2,8,2,0,4,14,38,5,6,1,1
41,1,2,1,0,2,0,0,2,9,4,1,1,2,0
27,1,3,1,0,1,0,0,2,11,2,2,0,0,0
21,1,3,0,0,2,1,0,2,11,6,2,0,2,0
139,1,4,8,1,15,6,1,2,38,56,8,2,3,1
104,0,10,2,2,5,8,1,2,16,50,15,6,5,1
57,1,3,0,0,0,1,0,1,11,5,2,1,0,0
156,1,5,8,2,12,5,1,2,16,58,5,4,3,1
159,0,6,6,1,11,6,1,6,72,53,4,6,4,1
52,0,5,7,0,8,2,1,6,29,27,5,2,2,1
49,1,1,0,0,2,0,0,2,19,7,2,1,1,0
42,1,3,0,0,0,1,0,1,18,10,1,1,0,0
36,1,3,0,0,0,1,0,1,13,7,1,1,2,0
93,0,10,3,1,3,3,0,2,28,23,13,1,2,1
54,0,3,7,2,11,3,0,2,29,24,14,6,7,1
33,1,3,1,0,1,1,0,1,19,7,1,1,2,0
63,1,6,7,1,10,3,1,4,76,56,7,4,1,1
40,1,3,1,0,3,0,0,1,1,4,0,1,1,0
58,1,1,0,0,2,1,0,2,8,4,3,1,2,0
26,1,1,0,0,3,1,0,1,9,10,0,1,2,0
58,1,1,0,0,2,1,0,1,10,10,1,0,2,0
39,1,2,1,0,3,0,0,1,6,7,0,0,2,0
174,0,6,6,0,13,6,1,3,58,39,9,2,5,1
44,1,2,1,0,3,1,0,1,2,0,0,1,0,0
46,1,2,1,0,1,1,0,2,9,9,0,0,1,0
44,1,3,1,0,3,1,0,1,16,6,3,0,2,0
178,0,8,3,1,2,5,1,4,64,29,7,2,8,1
119,0,4,3,2,5,4,1,2,26,14,10,5,8,1
92,1,9,5,1,12,7,1,6,31,38,12,3,2,1
144,1,6,6,0,13,5,0,5,49,35,12,6,1,1
46,1,1,0,0,2,0,0,1,6,4,1,1,2,0
59,1,1,1,0,0,0,0,1,14,10,1,1,1,0
86,1,6,6,0,14,3,1,5,17,57,12,5,3,1
18,1,1,0,0,3,0,0,2,10,4,2,0,1,0
94,0,9,1,2,13,4,0,2,57,55,12,1,8,1
164,0,5,8,0,4,6,0,2,42,8,9,1,7,1
33,1,2,1,0,2,1,0,1,9,0,3,0,2,0
83,0,7,3,2,6,4,0,6,70,47,5,2,8,1
165,1,6,6,0,8,7,0,5,64,13,13,2,2,1
116,1,3,5,1,10,4,1,4,49,44,3,2,8,1
119,1,5,4,2,8,7,0,3,62,25,12,6,7,1
99,1,8,4,0,14,2,0,6,16,31,14,6,2,1
136,1,6,3,0,3,5,0,3,56,8,6,6,8,1
180,1,8,4,2,4,4,0,2,27,54,4,5,2,1
53,1,1,0,0,3,1,0,2,13,5,2,0,0,0
80,1,4,2,1,5,6,1,6,33,23,11,6,3,1
159,0,7,6,1,15,4,1,6,22,34,3,2,3,1
48,1,3,0,0,2,0,0,2,2,9,3,1,1,0
28,1,2,1,0,1,1,0,1,15,10,1,0,1,0
25,1,1,1,0,2,0,0,1,11,8,1,1,0,0
18,1,3,0,0,3,1,0,2,2,9,0,0,0,0
166,0,5,3,0,7,2,1,4,53,17,9,5,8,1
22,1,1,0,0,2,1,0,1,5,2,1,1,2,0
72,1,6,6,1,10,8,1,4,31,22,6,6,3,1
51,1,1,0,0,1,1,0,1,15,9,0,0,2,0
54,1,3,0,0,2,1,0,1,17,7,1,0,2,0
45,1,1,0,0,3,0,0,2,19,9,0,1,1,0
40,1,3,0,0,0,1,0,1,14,10,1,0,2,0
65,1,7,3,0,3,8,1,4,31,58,7,4,5,1
164,0,3,5,2,10,7,0,6,28,60,9,6,4,1
90,1,9,1,0,5,2,1,2,34,42,4,1,5,1
100,0,7,7,2,2,2,0,5,76,36,4,3,5,1
141,1,7,1,0,2,2,0,5,77,24,13,1,6,1
74,0,10,1,2,13,4,1,6,24,39,7,3,5,1
21,1,2,1,0,3,1,0,1,18,5,3,1,0,0
124,0,4,2,2,14,8,1,4,64,11,12,5,2,1
32,1,1,0,0,3,1,0,2,0,5,3,1,0,0
20,1,2,1,0,3,0,0,1,0,6,1,1,1,0
44,1,2,0,0,2,1,0,2,8,5,1,1,1,0
31,1,3,1,0,1,1,0,2,2,6,1,1,0,0
121,1,6,6,1,9,4,0,2,32,32,4,4,6,1
53,1,1,0,0,3,1,0,2,4,7,1,0,0,0
50,1,4,2,1,4,4,0,5,32,5,11,4,7,1
80,0,4,1,1,13,5,0,4,27,47,13,2,3,1
177,0,7,4,2,9,3,1,3,11,9,3,4,8,1
114,1,5,1,1,10,7,1,3,62,47,11,5,3,1
157,1,7,3,2,11,2,0,2,15,25,13,4,6,1
178,0,10,1,1,15,6,0,2,24,33,9,5,7,1
170,1,10,5,1,14,6,0,4,43,27,12,1,7,1
17,1,3,1,0,1,1,0,2,13,3,3,0,2,0
179,1,10,2,1,14,7,0,2,37,29,15,2,7,1
68,1,10,3,2,6,5,0,3,38,16,4,5,4,1
59,1,1,0,0,3,1,0,2,18,1,1,0,1,0
47,1,3,1,0,1,1,0,1,18,0,3,0,0,0
57,1,2,1,0,0,0,0,2,14,9,0,0,0,0
26,1,1,1,0,3,1,0,2,11,0,2,0,0,0
21,1,2,1,0,1,1,0,2,1,8,0,1,0,0
83,0,9,3,2,6,3,1,4,11,5,11,3,5,1
143,0,8,7,0,10,4,0,5,78,24,12,3,2,1
180,1,6,3,2,12,7,0,3,43,32,11,6,7,1
50,1,2,0,0,3,0,0,1,8,7,1,1,2,0
57,1,1,1,0,1,0,0,2,19,4,0,1,2,0
152,1,7,6,0,5,4,1,3,66,34,15,4,8,1
20,1,2,1,0,3,0,0,2,6,4,1,0,1,0
34,1,3,1,0,3,1,0,1,5,7,0,0,0,0
50,1,6,8,2,7,7,1,2,18,45,14,1,7,1
111,1,9,4,2,14,8,1,5,51,47,10,4,6,1
167,1,6,5,0,8,4,0,5,38,36,13,4,6,1
20,1,1,0,0,2,1,0,2,16,8,1,0,0,0
147,1,9,2,1,14,6,1,2,45,9,7,4,4,1
57,0,7,1,0,15,3,0,4,21,20,4,2,2,1
173,0,3,3,2,12,2,1,6,65,5,12,6,4,1
89,0,4,3,2,11,8,1,6,69,41,11,4,2,1
141,0,5,4,0,2,5,0,3,43,23,3,5,8,1
61,1,3,8,1,11,6,1,4,68,57,10,4,3,1
138,0,5,3,0,7,3,1,4,68,50,8,5,4,1
95,0,5,6,1,6,4,1,4,66,23,7,4,5,1
29,1,2,1,0,3,1,0,2,12,3,1,1,0,0
29,1,1,0,0,0,0,0,1,15,5,2,0,1,0
62,0,3,5,0,12,6,1,4,56,33,11,6,3,1
16,1,2,0,0,2,0,0,1,15,3,1,0,2,0
30,1,3,0,0,3,0,0,2,3,7,1,1,2,0
94,0,8,8,2,11,5,1,5,64,51,13,5,8,1
36,1,3,0,0,2,0,0,1,16,5,1,0,1,0
38,1,1,1,0,1,0,0,1,6,8,3,1,1,0
21,1,2,1,0,0,0,0,1,15,10,2,0,1,0
55,1,10,2,1,10,6,0,5,14,20,4,6,4,1
60,1,2,1,0,2,0,0,1,3,1,0,0,2,0
81,0,4,2,2,8,7,1,5,42,49,10,1,7,1
45,1,3,0,0,1,1,0,2,18,9,3,1,0,0
25,1,2,1,0,2,0,0,1,6,10,2,1,0,0
172,0,9,6,0,13,5,0,6,80,50,4,3,5,1
87,0,4,5,1,12,8,1,3,68,54,10,4,6,1
22,1,3,1,0,3,1,0,1,8,8,0,0,2,0
51,1,8,7,0,4,2,1,4,68,29,11,3,8,1
142,1,8,2,2,10,6,0,6,33,58,12,1,4,1
80,1,3,2,0,9,5,0,3,21,20,10,2,2,1
149,0,9,6,0,10,7,0,5,37,49,13,2,8,1
102,0,9,7,2,9,6,1,2,11,15,10,1,5,1
32,1,1,1,0,2,0,0,1,9,6,0,1,2,0
93,1,8,4,0,3,7,0,5,62,58,5,1,8,1
53,1,1,1,0,0,1,0,2,9,9,3,1,2,0
113,1,8,2,1,5,4,0,6,19,7,15,1,2,1
74,0,3,1,2,2,6,1,3,22,40,14,3,4,1
96,0,9,3,1,4,5,1,4,75,19,3,5,6,1
70,1,5,1,0,14,6,0,4,61,11,4,4,2,1
27,1,2,1,0,0,1,0,1,11,3,2,0,2,0
134,1,10,7,2,3,4,1,6,48,19,15,1,6,1
133,0,9,7,0,13,5,1,5,53,24,5,2,7,1
48,1,1,1,0,0,0,0,1,12,2,2,1,2,0
156,0,5,4,2,3,4,0,6,75,17,7,5,3,1
25,1,1,1,0,2,1,0,1,3,0,0,1,0,0
175,1,4,2,2,12,5,0,5,36,35,7,6,6,1
24,1,3,0,0,1,1,0,1,8,3,3,0,1,0
117,1,3,8,1,12,7,1,3,72,18,12,4,8,1
172,1,6,1,1,13,5,0,6,11,54,12,2,3,1
179,1,9,3,1,15,8,1,5,29,51,4,2,8,1
33,1,3,1,0,0,0,0,1,3,9,2,0,2,0
60,1,1,0,0,0,1,0,2,4,3,0,0,0,0
58,1,3,0,0,0,0,0,2,5,3,2,0,1,0
81,0,3,5,1,6,6,1,6,24,19,4,6,1,1
65,0,8,6,1,2,4,1,5,58,17,7,6,1,1
54,1,3,0,0,1,0,0,2,0,3,3,1,1,0
112,1,8,6,0,15,4,0,3,69,32,4,1,8,1
52,1,1,0,0,2,0,0,1,15,7,3,0,0,0
173,1,7,7,1,2,7,1,5,66,10,13,1,3,1
28,1,1,0,0,3,1,0,2,14,1,3,1,1,0
23,1,1,0,0,1,0,0,2,18,2,1,0,1,0
50,1,2,0,0,1,1,0,2,15,1,2,1,2,0
65,1,3,3,2,12,4,0,6,78,7,6,3,7,1
60,1,2,1,0,0,1,0,1,14,10,0,1,2,0
85,1,4,5,1,7,3,0,4,49,52,8,3,8,1
18,1,2,1,0,3,0,0,1,12,6,2,1,0,0
49,1,2,1,0,0,0,0,2,20,1,1,1,1,0
41,1,2,1,0,2,0,0,1,10,10,3,0,1,0
127,1,10,3,2,7,4,0,3,33,10,4,1,2,1
159,0,9,7,1,8,7,1,3,39,48,14,6,7,1
38,1,3,1,0,0,0,0,2,10,9,2,0,0,0
69,0,9,6,1,15,8,1,2,28,45,15,5,8,1
21,1,3,1,0,3,1,0,1,2,10,3,1,2,0
83,1,8,1,2,5,8,0,6,24,7,12,1,5,1
40,1,1,0,0,2,0,0,2,4,1,0,1,2,0
97,1,7,1,2,7,6,0,2,38,29,10,3,4,1
118,1,9,6,0,13,3,1,2,36,51,9,6,4,1
27,1,1,1,0,1,0,0,1,4,1,3,1,2,0
101,1,5,7,1,3,7,0,4,36,17,14,1,2,1
68,1,4,2,0,8,7,1,2,58,14,7,6,8,1
31,1,3,0,0,1,1,0,1,14,9,3,0,0,0
98,0,3,6,0,10,2,1,2,41,8,13,5,7,1
123,0,8,5,1,15,6,0,6,66,30,9,6,1,1
132,0,7,7,1,13,4,0,4,74,28,13,2,8,1
150,0,6,3,0,12,6,0,6,73,25,9,3,2,1
58,1,2,1,0,3,0,0,1,15,9,2,0,2,0
98,1,6,8,2,11,3,1,5,53,42,10,4,5,1
40,1,2,0,0,2,0,0,1,6,9,1,1,2,0
30,1,2,0,0,3,1,0,2,14,5,1,0,2,0
19,1,3,1,0,3,1,0,1,8,4,1,0,2,0
38,1,3,0,0,1,1,0,2,10,3,1,0,1,0
43,1,2,0,0,1,0,0,1,14,0,3,0,0,0
177,1,6,6,0,8,3,1,6,13,19,8,1,2,1
18,1,3,1,0,3,1,0,1,7,8,3,0,2,0
57,0,5,3,2,2,3,0,4,41,45,11,4,8,1
152,1,3,8,1,9,3,0,5,48,5,12,4,6,1
17,1,3,0,0,3,1,0,2,2,1,0,1,0,0
52,0,3,8,1,11,4,1,2,36,25,15,3,2,1
34,1,1,1,0,2,1,0,1,11,6,1,0,2,0
165,1,7,4,0,8,3,0,5,51,49,8,6,2,1
63,0,8,2,1,8,5,0,2,26,20,14,3,5,1
19,1,2,1,0,1,1,0,2,10,6,3,0,2,0
47,1,1,1,0,2,0,0,1,18,3,1,0,0,0
83,1,5,8,2,13,4,1,3,41,48,11,6,6,1
136,1,9,3,2,12,6,0,3,14,58,13,5,5,1
20,1,1,1,0,1,0,0,1,10,1,2,0,2,0
17,1,3,0,0,1,1,0,1,20,5,3,1,0,0
26,1,1,0,0,0,0,0,2,20,1,1,1,0,0
40,1,1,1,0,1,0,0,1,10,5,0,1,1,0
41,1,3,0,0,3,1,0,1,9,10,0,0,2,0
33,1,3,1,0,1,1,0,2,8,3,0,0,2,0
26,1,3,1,0,0,0,0,1,9,9,3,1,0,0
98,0,8,1,1,9,4,0,6,21,36,13,3,8,1
60,1,2,0,0,1,1,0,1,19,1,1,1,2,0
171,0,8,4,1,2,5,1,2,43,29,8,6,3,1
152,1,6,8,1,10,8,1,6,62,42,13,3,5,1
78,0,10,4,2,11,8,0,5,24,25,5,1,5,1
123,1,5,1,2,4,5,1,4,27,21,12,4,5,1
33,1,1,0,0,0,0,0,2,11,1,3,1,2,0
20,1,1,1,0,1,1,0,2,13,2,1,1,2,0
140,1,6,8,0,2,4,0,6,59,60,6,2,3,1
40,1,2,0,0,0,0,0,1,6,3,3,0,2,0
160,1,5,5,1,2,7,0,3,57,23,13,4,1,1
28,1,2,0,0,0,0,0,1,19,8,3,0,2,0
50,1,2,1,0,0,0,0,2,11,4,0,0,2,0
124,0,8,2,0,13,4,0,2,52,26,11,6,1,1
153,1,9,6,1,9,7,0,4,47,25,11,3,2,1
59,1,2,0,0,0,0,0,1,10,3,2,0,2,0
80,0,10,3,2,9,4,0,5,76,17,6,6,7,1
150,1,4,8,0,7,4,0,3,25,26,8,5,3,1
30,1,3,0,0,0,0,0,2,20,7,0,1,1,0
162,1,3,6,0,14,4,0,6,60,26,14,3,2,1
43,1,3,1,0,3,1,0,1,20,10,1,1,2,0
41,1,2,1,0,1,1,0,1,16,8,0,1,0,0
54,1,3,1,0,0,1,0,2,19,2,0,1,0,0
143,1,5,8,1,10,7,1,3,63,19,7,2,2,1
73,1,4,1,1,8,5,1,5,39,20,10,4,3,1
122,0,10,8,2,11,2,1,4,75,9,7,4,7,1
86,1,5,5,0,8,3,1,2,29,30,4,6,2,1
53,1,2,0,0,2,1,0,2,19,9,2,1,2,0
36,1,2,1,0,0,0,0,1,7,5,3,0,2,0
29,1,3,0,0,1,0,0,1,5,6,2,0,2,0
125,0,5,2,1,7,6,0,3,55,16,3,4,6,1
37,1,2,1,0,0,1,0,2,4,4,2,0,0,0
40,1,2,0,0,3,1,0,1,13,5,0,1,0,0
68,1,9,2,2,12,5,0,6,36,36,5,2,7,1
154,1,3,6,0,14,8,1,2,61,18,14,2,8,1
55,1,2,1,0,1,0,0,1,7,4,0,1,2,0
42,1,1,1,0,3,0,0,2,13,6,2,1,0,0
43,1,2,0,0,0,0,0,1,5,2,1,0,2,0
49,1,3,1,0,1,1,0,1,11,7,1,0,2,0
40,1,3,1,0,1,1,0,1,11,10,0,0,1,0
52,1,7,5,0,7,4,0,3,60,22,5,1,3,1
58,1,1,0,0,2,0,0,2,2,10,3,0,2,0
51,1,3,0,0,2,0,0,2,15,8,3,0,0,0
110,1,9,1,0,14,8,1,6,35,24,14,4,4,1
33,1,1,1,0,3,0,0,2,7,9,0,1,1,0
51,1,2,0,0,1,0,0,2,2,8,0,0,0,0
59,1,1,0,0,2,1,0,2,11,4,3,0,1,0
36,1,2,1,0,3,1,0,2,4,5,1,0,2,0
18,1,3,1,0,1,0,0,2,11,3,1,0,1,0
98,1,3,2,2,14,6,1,4,21,18,13,5,6,1
76,0,4,1,2,5,5,0,4,15,8,13,2,3,1
49,1,2,0,0,3,0,0,1,9,6,2,0,2,0
81,0,10,5,2,4,8,1,6,14,51,5,6,4,1
173,0,4,4,2,2,2,0,4,30,8,12,4,8,1
21,1,2,0,0,0,0,0,2,2,0,1,0,0,0
53,1,6,6,0,15,3,0,5,23,45,6,2,8,1
116,0,7,2,1,14,3,0,5,19,22,9,3,2,1
52,1,3,1,0,3,0,0,2,12,2,2,0,0,0
78,0,10,2,1,7,8,0,2,32,32,6,6,6,1
60,1,3,1,0,2,0,0,1,2,1,3,1,1,0
47,1,1,0,0,0,1,0,1,2,5,1,1,0,0
59,1,3,0,0,2,0,0,1,2,10,3,0,1,0
42,1,3,1,0,2,1,0,2,12,7,1,0,0,0
144,1,8,4,2,12,5,0,4,18,32,14,2,2,1
113,1,6,8,2,7,6,1,3,48,47,15,2,3,1
33,1,2,1,0,0,0,0,2,5,10,3,0,0,0
73,1,10,1,0,10,3,1,5,52,28,12,2,8,1
59,1,1,0,0,0,1,0,1,12,6,3,1,1,0
19,1,2,0,0,0,0,0,2,6,3,2,0,0,0
142,0,10,4,1,4,4,0,5,28,9,12,5,4,1
175,0,5,5,2,8,2,0,4,58,33,7,6,4,1
44,1,3,1,0,0,1,0,2,17,2,2,0,1,0
39,1,3,1,0,3,1,0,2,2,0,2,0,1,0
138,0,3,7,0,12,3,1,4,15,25,15,4,3,1
92,1,8,4,0,4,8,1,3,18,33,8,6,2,1
97,1,9,6,2,6,5,0,5,25,35,9,5,3,1
98,1,3,3,2,9,8,1,6,73,17,7,6,4,1
38,1,3,0,0,0,0,0,2,9,6,1,1,1,0
51,1,5,6,0,7,4,0,4,30,15,9,3,1,1
46,1,1,1,0,1,0,0,1,6,0,0,1,2,0
152,1,8,8,0,11,5,0,3,10,13,14,2,6,1
28,1,2,0,0,1,0,0,2,1,9,0,0,1,0
66,0,8,3,2,15,8,0,2,45,37,9,4,4,1
172,1,5,4,2,4,5,1,3,71,45,11,1,5,1
46,1,1,0,0,3,1,0,1,7,0,2,1,0,0
38,1,1,0,0,3,1,0,2,18,10,2,1,2,0
37,1,3,1,0,3,1,0,1,0,2,0,1,2,0
167,1,5,6,2,13,7,1,3,24,17,9,3,8,1
179,0,5,6,2,8,6,1,6,43,41,9,5,2,1
175,1,7,1,2,9,4,0,3,51,20,3,6,7,1
24,1,1,1,0,0,0,0,2,8,5,3,0,1,0
21,1,2,0,0,3,0,0,1,19,4,3,1,2,0
26,1,2,0,0,1,0,0,1,13,10,0,1,0,0
116,1,5,1,1,2,5,0,2,26,38,7,3,8,1
20,1,2,1,0,2,0,0,2,0,3,3,0,2,0
172,0,6,5,0,4,8,1,2,50,47,8,2,7,1
123,1,9,3,1,11,2,0,3,56,50,10,3,5,1
40,1,2,1,0,1,1,0,1,14,9,0,1,0,0
180,1,3,2,0,12,4,1,6,16,60,6,4,6,1
15,1,3,1,0,1,1,0,2,4,1,2,0,2,0
25,1,1,0,0,1,1,0,1,2,9,2,1,0,0
56,1,1,0,0,3,0,0,2,4,1,1,0,0,0
19,1,2,0,0,3,1,0,2,2,1,2,1,0,0
27,1,3,1,0,2,0,0,2,6,5,1,1,1,0
18,1,3,1,0,2,0,0,1,15,6,3,1,1,0
35,1,3,0,0,0,0,0,1,0,0,1,0,1,0
102,1,10,7,1,15,6,0,4,22,10,3,2,7,1
138,0,8,4,0,4,4,0,5,51,60,9,6,1,1
172,0,6,2,1,7,3,1,3,58,30,3,3,1,1
50,1,3,0,0,1,0,0,1,15,6,3,0,0,0
139,1,7,5,1,5,6,1,5,10,48,6,5,4,1
90,0,6,5,2,5,2,1,2,44,38,8,6,2,1
94,0,6,7,2,5,4,0,2,38,25,10,4,1,1
55,1,2,1,0,3,0,0,2,4,7,3,0,1,0
108,0,9,7,1,9,7,0,2,72,57,5,6,6,1
24,1,2,0,0,0,1,0,2,2,1,3,1,2,0
17,1,1,0,0,1,0,0,2,14,7,1,0,1,0
56,1,3,1,0,3,0,0,2,6,3,2,1,2,0
57,1,1,0,0,1,0,0,2,13,8,2,1,2,0
86,0,8,3,0,2,2,1,5,52,12,14,4,8,1
48,1,1,0,0,3,1,0,2,3,4,3,1,0,0
39,1,3,0,0,0,1,0,2,17,6,1,1,1,0
111,1,5,5,0,3,8,0,6,68,58,3,1,6,1
135,0,8,1,0,2,4,0,6,64,5,6,4,3,1
30,1,1,1,0,0,1,0,1,0,4,2,0,1,0
39,1,2,0,0,1,1,0,2,4,9,0,0,1,0
48,1,3,1,0,3,0,0,1,0,6,3,0,2,0
152,1,4,3,1,12,3,0,2,25,57,4,4,6,1
35,1,2,0,0,2,1,0,1,8,2,3,1,0,0
40,1,2,0,0,3,0,0,1,2,8,2,0,1,0
45,1,1,1,0,1,0,0,2,0,10,3,1,1,0
113,1,3,5,0,5,2,0,2,59,40,12,2,7,1
40,1,2,1,0,3,0,0,2,3,5,1,0,2,0
16,1,3,0,0,3,1,0,1,8,2,1,1,0,0
146,1,3,5,2,6,4,0,2,53,12,3,1,3,1
41,1,2,1,0,0,0,0,2,16,4,3,1,1,0
165,1,4,7,1,9,7,0,3,77,56,15,4,8,1
136,1,7,7,2,4,5,0,3,78,37,12,5,2,1
55,1,2,1,0,1,0,0,2,6,0,3,1,1,0
165,1,4,7,1,14,7,1,4,42,54,4,4,4,1
56,1,3,1,0,1,1,0,2,10,6,0,0,2,0
172,0,10,5,1,9,5,0,6,21,40,9,4,4,1
151,0,5,5,1,8,7,0,3,51,37,3,1,2,1
45,1,2,0,0,1,1,0,1,0,0,0,1,1,0
119,1,10,2,0,9,4,1,4,30,38,5,2,2,1
56,1,3,0,0,2,1,0,2,12,3,2,1,1,0
150,1,9,8,2,15,4,0,2,55,13,11,5,7,1
155,0,3,5,0,3,2,1,6,25,6,13,5,7,1
165,1,4,3,2,2,8,1,4,66,20,11,3,6,1
23,1,1,1,0,3,0,0,1,12,7,1,0,1,0
130,0,4,5,1,15,4,1,3,24,57,3,2,4,1
56,0,4,1,2,7,5,0,5,75,5,7,3,2,1
28,1,3,1,0,3,1,0,1,6,6,1,1,0,0
158,1,4,2,0,9,4,1,3,80,37,7,6,1,1
33,1,3,1,0,2,0,0,1,2,0,1,0,2,0
42,1,2,1,0,3,0,0,1,13,8,2,1,2,0
41,1,3,1,0,1,0,0,2,0,7,2,0,0,0
86,1,7,4,1,12,5,1,5,51,17,15,4,8,1
48,1,3,1,0,2,0,0,1,10,6,0,0,1,0
130,0,8,1,0,10,7,1,3,42,26,10,6,3,1
38,1,3,1,0,0,0,0,2,1,3,2,0,2,0
19,1,1,0,0,0,0,0,1,9,0,1,1,1,0
165,1,5,7,2,8,4,0,4,67,19,4,1,2,1
30,1,3,0,0,0,1,0,2,19,10,0,1,1,0
167,0,9,1,1,6,7,1,2,77,40,3,2,5,1
35,1,1,0,0,3,1,0,1,12,10,2,0,0,0
53,1,6,7,2,4,8,0,5,15,27,7,6,2,1
179,1,6,3,2,8,2,0,6,40,40,9,4,2,1
56,1,4,7,2,14,4,1,2,69,5,3,1,6,1
68,0,5,4,0,7,2,0,3,48,12,3,6,7,1
91,1,6,7,0,3,6,1,4,23,29,11,2,8,1
42,1,1,1,0,0,0,0,1,9,9,1,1,0,0
46,1,3,1,0,3,1,0,1,16,5,2,0,2,0
118,1,5,4,2,9,7,1,2,58,51,13,1,5,1
38,1,3,1,0,3,1,0,1,6,4,3,1,2,0
48,1,1,1,0,3,0,0,2,16,2,2,0,2,0
22,1,2,0,0,3,0,0,1,8,3,3,1,1,0
78,1,7,3,0,6,8,1,4,51,52,15,1,6,1
48,1,3,0,0,0,1,0,1,18,8,0,1,0,0
30,1,2,0,0,2,0,0,2,5,5,3,0,2,0
26,1,2,1,0,3,0,0,1,15,9,3,1,1,0
39,1,2,0,0,2,1,0,2,10,4,2,0,1,0
32,1,3,1,0,3,0,0,1,20,8,1,1,0,0
37,1,1,1,0,1,0,0,2,15,1,0,1,2,0
159,1,9,6,1,2,6,0,4,11,20,15,4,2,1
20,1,1,0,0,3,1,0,1,6,0,3,1,0,0
105,0,9,4,0,8,4,0,3,44,59,6,5,8,1
156,0,6,4,0,9,6,1,5,47,5,4,4,5,1
77,1,3,4,1,8,5,1,2,12,23,10,5,4,1
55,1,3,0,0,1,0,0,1,13,0,3,1,2,0
33,1,2,1,0,3,0,0,1,15,2,0,1,2,0
36,1,2,0,0,0,1,0,2,0,4,2,1,1,0
19,1,1,1,0,0,0,0,1,11,5,2,0,2,0
65,0,7,6,0,8,5,0,3,34,53,9,3,3,1
66,1,3,8,0,2,6,1,5,43,18,14,5,6,1
71,0,9,4,2,14,3,0,6,48,15,9,6,3,1
112,0,3,3,0,9,3,0,6,57,23,9,4,8,1
93,0,6,8,1,12,6,0,3,52,46,11,4,7,1
107,1,6,4,1,15,7,0,3,21,25,9,1,7,1
32,1,1,1,0,3,0,0,2,13,4,0,1,2,0
28,1,3,1,0,2,1,0,2,12,10,1,1,0,0
47,1,2,1,0,2,0,0,2,7,7,1,1,2,0
100,0,9,1,1,7,8,0,2,60,53,3,1,1,1
173,1,8,2,2,2,7,1,3,62,23,7,3,5,1
23,1,1,1,0,2,0,0,2,14,9,0,1,1,0
114,0,9,6,0,15,2,1,3,53,17,6,3,5,1
176,1,8,3,0,13,3,1,3,28,11,4,6,5,1
32,1,1,1,0,3,0,0,1,12,7,2,1,0,0
26,1,2,1,0,0,1,0,1,2,0,1,1,0,0
25,1,2,0,0,0,0,0,1,20,5,3,1,1,0
178,0,3,6,2,6,8,0,2,65,28,15,6,8,1
21,1,2,0,0,3,1,0,1,9,2,1,1,0,0
90,0,7,1,2,13,5,1,6,40,43,12,4,8,1
71,0,10,1,2,14,7,0,5,57,10,8,4,1,1
109,0,3,7,2,3,7,1,4,80,47,13,1,2,1
30,1,1,0,0,3,1,0,2,12,2,0,1,1,0
59,1,2,0,0,3,0,0,1,2,9,0,1,1,0
23,1,3,0,0,2,1,0,1,16,3,1,0,2,0
74,0,5,4,2,10,7,0,6,36,39,12,2,7,1
86,0,4,6,2,8,6,0,3,69,40,4,4,7,1
32,1,2,1,0,3,0,0,2,16,8,2,0,2,0
56,1,2,0,0,1,1,0,1,19,7,1,1,0,0
53,1,3,0,0,3,0,0,1,8,10,2,0,0,0
45,1,2,1,0,2,1,0,1,20,3,2,1,2,0
101,1,9,4,0,4,5,0,3,23,33,15,5,4,1
28,1,1,1,0,0,1,0,1,4,4,3,1,0,0
75,0,4,2,2,10,2,1,5,72,43,12,1,1,1
152,1,8,7,1,9,8,0,3,79,13,13,3,5,1
26,1,3,0,0,3,1,0,1,1,2,0,0,2,0
17,1,2,0,0,1,1,0,1,14,2,2,0,1,0
157,0,5,3,1,14,7,0,2,49,28,6,4,1,1
38,1,1,1,0,2,1,0,2,4,3,0,0,1,0
142,0,6,2,1,9,6,1,4,78,42,7,4,1,1
150,1,6,5,1,4,8,1,4,60,32,9,4,6,1
42,1,1,0,0,3,0,0,2,19,4,0,1,2,0
15,1,3,1,0,2,1,0,1,20,3,1,1,0,0
51,0,3,2,0,5,6,1,2,80,19,4,1,4,1
31,1,3,0,0,0,1,0,1,7,4,1,1,0,0
89,0,10,7,1,10,4,1,4,68,44,5,1,3,1
41,1,1,1,0,3,0,0,2,8,4,3,0,0,0
25,1,2,0,0,1,1,0,2,20,6,2,1,1,0
26,1,3,0,0,3,1,0,2,12,6,2,0,1,0
57,1,1,1,0,3,0,0,1,2,3,0,1,1,0
135,0,8,4,2,14,6,1,3,67,24,7,2,8,1
15,1,3,1,0,1,0,0,2,6,5,1,0,1,0
168,1,4,8,0,3,2,0,5,18,7,9,5,2,1
80,0,6,5,2,8,7,0,6,48,29,15,2,1,1
107,0,10,1,0,12,5,0,2,78,27,11,4,7,1
61,0,9,2,2,5,4,0,3,28,31,13,3,6,1
172,1,7,4,1,15,7,0,4,64,38,12,3,5,1
43,1,3,1,0,3,0,0,1,8,9,2,0,1,0
55,1,3,1,0,0,1,0,2,0,5,3,0,0,0
18,1,1,1,0,0,0,0,1,6,2,1,1,0,0
50,1,3,1,0,1,1,0,2,1,10,2,1,2,0
77,1,8,3,2,5,4,0,5,24,18,11,3,2,1
156,0,9,3,2,5,4,1,2,25,46,3,4,2,1
100,1,3,6,0,10,8,1,3,69,17,6,3,3,1
114,0,5,6,2,11,2,0,3,38,23,13,4,4,1
136,1,5,7,2,6,5,0,4,44,58,3,4,8,1
52,0,3,3,1,14,3,1,6,19,34,8,6,3,1
144,1,6,4,2,9,5,0,5,59,56,7,3,3,1
120,0,7,5,1,6,5,1,6,35,19,12,6,5,1
30,1,1,0,0,1,1,0,1,17,5,3,1,0,0
31,1,1,1,0,1,1,0,1,3,10,2,1,1,0
151,0,10,6,1,5,5,1,6,58,27,9,1,7,1
112,1,5,6,1,14,2,0,6,14,33,9,5,4,1
95,1,9,7,0,13,8,1,4,57,21,4,2,4,1
28,1,2,0,0,3,1,0,2,20,0,0,1,0,0
38,1,1,1,0,0,0,0,1,12,5,0,1,2,0
159,1,9,5,1,9,5,0,3,46,28,9,1,5,1
139,1,8,2,0,8,8,1,5,53,30,4,4,4,1
37,1,3,0,0,0,0,0,1,7,6,0,0,1,0
33,1,2,0,0,1,1,0,2,1,7,2,1,0,0
145,0,9,5,1,7,5,0,4,53,30,5,3,2,1
153,0,5,4,1,10,3,1,2,26,19,3,6,5,1
147,1,8,5,2,5,4,1,3,44,52,15,6,8,1
157,1,10,3,0,7,3,1,2,13,43,13,2,3,1
120,1,7,1,0,12,2,0,6,55,45,10,4,7,1
115,0,3,8,1,9,7,1,4,16,50,7,3,2,1
46,1,1,0,0,1,0,0,1,7,3,2,0,2,0
81,1,4,3,0,8,3,0,2,60,9,3,4,3,1
84,0,10,7,0,12,4,0,2,51,21,14,5,8,1
132,0,9,5,1,4,3,0,6,71,22,6,2,4,1
173,1,7,2,0,13,4,0,6,41,58,3,4,4,1
87,1,7,3,1,7,5,1,2,23,37,9,4,4,1
152,0,7,8,0,4,7,1,4,10,14,5,4,7,1
19,1,1,1,0,2,0,0,1,8,1,3,1,0,0
37,1,1,0,0,1,0,0,2,0,3,2,1,0,0
110,0,6,3,2,10,8,0,6,71,59,10,6,2,1
59,1,3,1,0,1,1,0,2,20,5,2,0,1,0
180,1,5,8,1,12,8,1,5,35,52,12,5,7,1
107,1,7,4,0,8,4,0,2,80,36,4,6,1,1
44,1,2,0,0,3,0,0,1,5,9,1,1,2,0
155,1,8,8,1,8,2,0,4,60,6,12,3,2,1
114,0,3,6,1,4,3,0,6,22,27,10,5,7,1
24,1,3,1,0,2,1,0,2,17,7,2,1,2,0
54,1,3,0,0,3,1,0,1,7,7,2,1,1,0
48,1,2,0,0,2,0,0,2,19,1,2,1,0,0
45,1,1,1,0,0,0,0,1,3,6,3,1,2,0
24,1,1,0,0,2,1,0,1,2,2,3,1,2,0
174,1,8,6,2,2,7,1,5,24,14,14,6,5,1
17,1,3,1,0,2,0,0,2,9,4,0,1,1,0
31,1,3,1,0,2,0,0,1,0,2,1,1,2,0
51,1,3,1,0,0,1,0,1,5,5,1,1,1,0
55,1,3,0,0,0,1,0,1,8,10,3,0,0,0
74,1,4,4,2,9,5,0,3,66,35,3,4,8,1
71,0,6,8,0,9,6,0,4,20,7,12,6,2,1
51,1,2,0,0,0,1,0,1,19,10,0,0,1,0
28,1,3,1,0,3,1,0,2,19,7,0,1,1,0
44,1,2,1,0,0,1,0,2,11,6,0,0,0,0
23,1,1,0,0,3,1,0,2,16,7,0,1,2,0
177,1,10,6,0,4,7,1,3,74,5,6,6,2,1
26,1,1,1,0,3,0,0,1,17,1,2,1,0,0
24,1,3,1,0,2,0,0,2,16,3,2,0,2,0
41,1,3,1,0,1,0,0,1,6,5,2,0,1,0
26,1,2,0,0,3,1,0,2,18,7,0,0,1,0
24,1,3,0,0,3,0,0,1,5,8,3,1,2,0
50,1,1,1,0,2,0,0,1,9,2,0,0,0,0
37,1,3,0,0,0,0,0,1,13,7,1,0,1,0
48,1,1,0,0,3,0,0,2,15,9,2,1,0,0
16,1,2,0,0,0,1,0,1,9,4,0,1,0,0
147,1,6,4,0,13,5,1,2,44,34,4,1,2,1
31,1,2,0,0,1,1,0,2,11,5,3,1,0,0
15,1,1,0,0,0,0,0,1,2,4,3,1,1,0
156,0,8,7,2,2,7,0,6,22,17,15,3,3,1
79,1,3,8,1,9,5,1,2,69,29,10,2,3,1
20,1,2,1,0,3,0,0,2,3,7,1,1,0,0
16,1,1,0,0,2,1,0,2,15,1,0,0,2,0
116,0,3,1,1,13,7,0,5,17,10,12,6,8,1
144,0,8,6,0,4,8,1,6,80,10,5,3,8,1
108,1,8,6,1,3,6,1,5,16,55,9,6,6,1
65,1,3,1,1,3,5,1,2,23,37,6,1,6,1
56,1,2,0,0,0,1,0,2,17,6,1,1,1,0
39,1,1,0,0,3,0,0,1,5,5,1,1,2,0
136,1,7,6,2,11,8,1,5,51,39,9,3,4,1
134,0,9,6,2,8,3,0,6,50,53,11,1,1,1
56,1,2,1,0,1,0,0,2,17,2,1,0,0,0
17,1,3,0,0,2,1,0,2,11,0,0,1,0,0
69,0,8,2,0,8,2,1,3,49,47,4,4,6,1
50,1,1,1,0,3,0,0,1,0,7,3,0,1,0
23,1,2,1,0,0,0,0,1,13,9,0,1,2,0
39,1,1,1,0,1,1,0,2,12,2,3,0,1,0
51,1,1,1,0,1,0,0,1,2,4,1,0,1,0
133,0,6,3,2,8,4,0,5,41,57,10,1,3,1
57,1,2,0,0,0,0,0,1,3,7,0,0,2,0
56,1,7,6,1,4,4,1,6,41,57,6,2,6,1
76,1,7,4,0,4,3,0,2,33,54,13,5,2,1
27,1,2,1,0,1,0,0,2,0,1,3,0,1,0
52,1,2,1,0,2,0,0,1,9,0,2,0,2,0
162,1,9,5,0,7,6,1,6,78,59,4,4,7,1
52,1,1,1,0,2,1,0,2,19,3,2,1,1,0
64,1,4,3,1,11,5,0,2,17,16,11,2,2,1
42,1,3,1,0,1,0,0,2,16,10,1,0,0,0
24,1,3,1,0,3,1,0,2,8,5,0,0,2,0
42,1,1,1,0,0,1,0,1,15,6,3,0,2,0
106,0,9,8,0,7,3,0,2,19,43,10,2,6,1
56,0,7,8,0,15,6,1,4,24,42,4,3,3,1
28,1,1,1,0,0,1,0,2,15,4,0,1,1,0
74,0,10,2,2,4,5,0,6,52,39,11,3,2,1
47,1,1,1,0,1,0,0,2,8,5,2,1,2,0
29,1,1,0,0,0,0,0,1,14,6,0,1,2,0
127,0,3,4,0,8,7,1,6,67,16,10,5,6,1
25,1,2,0,0,0,1,0,1,7,9,0,0,2,0
27,1,3,1,0,2,0,0,2,2,8,0,1,1,0
33,1,3,1,0,3,0,0,2,13,8,0,1,0,0
24,1,1,0,0,1,1,0,2,6,4,1,0,2,0
22,1,1,0,0,3,0,0,2,16,4,1,1,0,0
45,1,1,0,0,0,0,0,1,1,1,0,0,1,0
64,0,9,1,0,11,6,0,4,68,18,11,3,3,1
60,1,1,0,0,0,0,0,2,15,3,0,1,0,0
15,1,1,0,0,0,0,0,1,19,10,0,1,0,0
56,1,10,6,1,2,6,1,4,44,33,10,2,2,1
50,1,7,4,1,7,3,1,2,28,58,9,2,6,1
37,1,3,0,0,1,0,0,2,6,1,1,0,1,0
58,1,10,4,2,3,4,0,2,22,59,4,3,8,1
59,1,3,0,0,1,1,0,1,6,8,1,0,2,0
27,1,1,0,0,3,0,0,2,19,1,2,1,1,0
174,1,8,6,2,8,3,1,3,18,56,10,4,2,1
59,1,3,3,2,6,3,0,3,60,43,8,2,4,1
27,1,1,0,0,0,0,0,2,3,4,0,0,0,0
44,1,1,0,0,2,0,0,1,4,8,0,1,0,0
23,1,2,1,0,3,0,0,1,14,2,0,1,0,0
36,1,1,0,0,3,0,0,2,3,1,0,1,1,0
51,1,3,1,0,1,1,0,1,13,1,3,0,1,0
30,1,1,1,0,0,0,0,1,15,7,2,0,2,0
91,0,5,5,2,2,7,1,2,53,48,10,3,1,1
16,1,1,1,0,2,0,0,1,2,3,2,1,0,0
155,1,4,4,2,13,7,0,5,80,5,10,4,1,1
116,1,4,2,2,8,6,1,5,61,51,13,5,2,1
61,0,7,4,0,7,4,0,2,58,54,6,4,5,1
58,1,3,1,0,2,0,0,1,2,9,0,1,0,0
149,0,8,2,0,2,3,0,5,39,31,12,5,7,1
106,0,3,2,1,4,2,1,3,32,37,8,6,6,1
51,1,1,0,0,2,1,0,2,5,4,2,1,0,0
60,1,3,0,0,1,1,0,1,7,10,3,1,1,0
56,1,2,0,0,1,0,0,2,13,10,2,1,1,0
77,0,7,8,0,13,2,0,5,54,27,7,2,1,1
90,0,3,5,0,7,6,1,6,28,15,13,5,7,1
173,1,9,1,1,7,7,1,6,71,26,9,5,1,1
102,0,5,6,1,12,2,1,4,38,18,7,3,1,1
54,1,9,8,2,6,5,1,3,74,60,8,6,2,1
28,1,1,0,0,3,1,0,2,13,3,2,0,1,0
147,1,5,5,0,3,3,0,5,67,47,8,6,2,1
149,0,7,2,0,5,7,1,3,43,42,14,5,5,1
57,1,1,1,0,1,0,0,1,8,9,1,0,0,0
55,1,3,1,0,2,0,0,1,17,10,0,1,1,0
58,1,3,1,0,0,0,0,2,18,4,0,0,0,0
121,1,8,3,1,6,2,1,4,62,20,10,1,3,1
116,0,10,4,1,12,7,1,2,29,60,7,2,3,1
50,1,1,1,0,2,0,0,1,11,6,0,1,1,0
131,0,5,1,1,7,8,0,2,29,23,3,3,2,1
101,1,3,7,2,12,6,1,3,10,50,14,5,2,1
114,0,9,6,2,9,4,0,6,63,53,10,6,1,1
27,1,2,1,0,1,1,0,2,10,5,0,0,2,0
86,1,6,4,2,11,4,1,2,50,13,14,6,8,1
119,1,5,4,2,2,2,0,3,66,40,8,4,3,1
52,1,1,0,0,1,0,0,1,11,5,3,1,2,0
50,1,2,1,0,1,1,0,2,7,7,3,1,2,0
87,1,4,2,1,10,4,0,3,66,11,8,1,8,1
55,1,3,1,0,1,1,0,2,14,10,0,0,0,0
160,0,7,4,0,11,5,0,6,80,58,9,2,6,1
25,1,2,1,0,3,0,0,1,15,6,3,1,1,0
30,1,1,0,0,3,0,0,1,6,10,0,0,1,0
36,1,3,1,0,0,1,0,1,17,9,1,0,0,0
51,0,6,3,2,14,5,1,2,32,16,10,6,2,1
175,1,10,7,1,13,5,0,6,50,7,13,6,8,1
81,0,4,8,0,7,4,1,4,24,9,6,4,7,1
54,1,3,1,0,1,1,0,2,15,10,0,1,0,0
33,1,1,0,0,1,0,0,2,19,5,3,0,2,0
150,0,4,5,1,13,6,1,3,44,39,11,2,1,1
55,1,3,1,0,0,0,0,1,10,6,1,1,1,0
33,1,3,1,0,1,1,0,2,20,5,3,1,0,0
96,0,7,5,0,8,6,0,2,71,23,15,2,8,1
19,1,2,1,0,1,0,0,1,20,0,0,0,0,0
112,0,9,2,0,5,5,1,5,75,8,3,4,4,1
161,0,8,5,2,9,7,0,4,39,20,6,5,7,1
37,1,2,0,0,3,0,0,2,14,3,3,0,2,0
116,1,3,7,1,13,2,1,2,14,28,8,6,7,1
156,1,3,4,1,4,6,0,5,39,42,8,4,3,1
43,1,2,1,0,2,1,0,1,20,3,0,1,2,0
55,1,2,1,0,3,1,0,1,18,2,3,0,2,0
42,1,1,0,0,1,1,0,1,15,3,1,0,0,0
32,1,3,1,0,1,0,0,1,6,6,2,1,0,0
154,0,5,7,0,6,4,1,6,56,45,10,2,1,1
169,1,6,6,2,7,7,0,3,65,22,10,1,5,1
50,1,4,3,0,10,6,1,4,20,33,10,5,6,1
49,1,2,0,0,1,1,0,1,8,3,2,1,0,0
141,0,10,3,1,14,2,1,3,50,44,9,3,2,1
123,1,4,3,2,5,5,0,3,48,22,12,5,6,1
41,1,2,1,0,1,0,0,1,11,7,2,0,1,0
93,0,6,5,1,7,5,1,5,78,23,8,6,3,1
82,0,5,1,1,9,5,0,3,42,28,13,1,2,1
114,0,8,4,2,12,3,0,3,43,5,11,2,5,1
66,0,10,8,0,14,5,0,3,75,58,3,6,5,1
127,1,7,1,1,4,3,1,6,38,53,4,6,3,1
44,1,3,1,0,1,0,0,1,9,5,1,1,1,0
122,1,5,2,2,7,3,1,4,64,28,6,5,2,1
39,1,3,1,0,1,0,0,2,10,5,2,0,2,0
15,1,2,1,0,1,0,0,1,10,6,1,1,0,0
59,1,1,1,0,1,1,0,2,7,6,2,1,0,0
27,1,3,0,0,1,1,0,1,17,10,3,0,2,0
52,1,1,0,0,2,1,0,2,14,6,1,1,0,0
29,1,3,0,0,3,0,0,2,17,0,2,1,1,0
18,1,1,1,0,1,0,0,2,13,4,1,0,0,0
57,0,3,5,0,13,2,0,4,29,46,8,6,5,1
21,1,3,0,0,3,1,0,1,8,10,1,0,0,0
26,1,1,1,0,0,1,0,2,8,5,3,1,1,0
77,0,10,8,0,10,4,1,4,26,8,8,1,6,1
152,0,4,3,1,6,7,0,3,16,14,14,3,2,1
139,0,6,1,0,15,6,1,6,37,30,13,2,5,1
22,1,3,0,0,1,1,0,1,6,9,0,1,2,0
58,1,2,1,0,2,1,0,2,0,7,1,0,1,0
45,1,2,0,0,1,0,0,1,13,8,2,0,0,0
91,1,6,7,0,7,4,0,3,53,26,5,5,3,1
90,0,3,8,0,3,4,1,2,67,26,8,1,1,1
84,0,3,7,1,11,4,0,5,31,54,13,2,2,1
138,1,8,8,2,9,6,0,6,78,51,4,2,3,1
165,1,6,8,0,11,7,0,2,54,49,4,1,5,1
63,0,9,5,1,9,3,0,6,67,31,4,1,4,1
17,1,2,1,0,3,0,0,1,15,7,0,1,1,0
49,1,1,0,0,0,1,0,1,1,1,0,0,0,0
157,0,3,5,0,13,3,1,5,47,31,8,6,3,1
20,1,2,0,0,0,0,0,2,12,4,2,1,0,0
119,0,4,5,2,5,8,0,4,17,13,12,2,6,1
76,0,3,7,0,3,6,1,3,50,11,14,1,6,1
25,1,3,0,0,3,1,0,2,15,0,2,1,0,0
115,1,10,3,0,13,2,1,6,51,19,9,6,3,1
93,0,6,2,0,11,4,0,5,48,9,8,3,7,1
177,1,10,4,0,5,7,1,2,33,50,7,1,2,1
59,1,6,4,2,3,6,0,2,43,51,6,4,2,1
97,1,5,2,2,14,7,0,6,13,38,6,3,8,1
16,1,3,0,0,3,0,0,2,13,2,0,1,2,0
26,1,1,0,0,3,1,0,2,9,2,1,0,2,0
155,0,9,3,1,6,7,0,5,13,17,13,5,1,1
40,1,2,1,0,1,1,0,2,6,0,2,0,0,0
179,0,4,7,1,14,8,1,6,23,31,8,1,1,1
44,1,2,1,0,3,1,0,1,11,6,2,0,2,0
37,1,2,1,0,1,0,0,1,15,4,2,0,1,0
27,1,1,1,0,0,0,0,1,3,3,1,0,2,0
47,1,2,1,0,1,0,0,2,12,3,2,1,1,0
42,1,1,0,0,1,0,0,1,6,3,3,1,1,0
36,1,3,0,0,3,1,0,1,10,0,3,0,1,0
120,0,6,3,1,6,5,1,6,43,13,6,4,4,1
51,1,1,1,0,3,0,0,2,13,1,0,1,2,0
39,1,1,0,0,1,0,0,1,2,9,3,0,2,0
51,1,4,2,2,7,4,1,2,13,46,8,3,3,1
19,1,2,0,0,3,1,0,2,19,9,3,1,1,0
125,0,8,6,1,14,3,0,5,51,16,10,2,3,1
87,1,9,2,0,7,7,1,6,22,42,8,6,3,1
142,1,6,2,1,11,8,0,5,62,34,8,2,8,1
91,0,6,8,1,15,4,0,3,32,58,12,3,7,1
28,1,2,0,0,3,1,0,2,11,8,2,1,2,0
124,0,3,4,1,4,2,0,6,62,57,8,3,4,1
43,1,3,0,0,3,0,0,1,6,0,1,0,2,0
110,0,10,6,2,8,2,1,2,79,6,7,6,4,1
48,1,3,1,0,1,0,0,1,14,9,3,0,0,0
124,0,9,2,2,7,2,0,3,56,6,6,4,1,1
56,1,1,0,0,0,0,0,2,8,9,3,0,0,0
42,1,1,0,0,0,1,0,1,10,8,3,0,0,0
15,1,2,1,0,0,0,0,2,19,0,1,1,2,0
26,1,2,0,0,1,0,0,2,11,10,0,0,1,0
47,1,3,0,0,1,1,0,2,9,4,1,1,0,0
40,1,3,1,0,1,0,0,2,20,1,0,1,0,0
122,0,8,7,1,2,7,1,6,59,15,6,6,3,1
73,1,10,4,1,3,2,1,6,60,45,14,3,6,1
124,1,7,4,1,5,2,1,4,72,7,8,2,2,1
58,1,2,0,0,0,1,0,2,3,4,3,1,1,0
109,1,9,4,1,7,2,1,3,10,39,5,6,3,1
30,1,2,1,0,0,1,0,2,2,4,1,1,1,0
125,0,6,4,2,14,2,1,4,26,18,6,5,8,1
21,1,3,0,0,2,0,0,1,17,2,2,0,0,0
129,1,5,1,1,13,2,1,5,31,21,7,6,3,1
35,1,3,1,0,0,0,0,2,8,5,3,0,0,0
39,1,3,0,0,2,0,0,1,4,4,0,1,0,0
38,1,1,0,0,3,0,0,1,5,1,2,0,0,0
151,0,9,4,1,9,5,0,5,45,30,8,5,6,1
122,1,7,2,2,15,3,1,6,37,31,6,5,4,1
48,1,3,0,0,1,1,0,2,11,1,1,0,1,0
40,1,1,1,0,2,0,0,1,5,1,0,1,1,0
89,0,4,7,2,10,2,1,6,64,51,5,6,8,1
60,1,3,1,0,0,1,0,1,15,4,1,1,1,0
52,1,2,0,0,2,0,0,2,9,10,1,1,2,0
151,1,8,7,1,4,2,1,2,41,38,14,4,2,1
40,1,2,0,0,3,0,0,2,0,10,1,1,1,0
46,1,2,0,0,0,0,0,2,20,8,0,0,2,0
55,1,7,8,1,13,3,0,6,40,8,3,2,8,1
172,1,6,1,1,15,3,1,4,35,46,6,2,7,1
53,1,2,0,0,0,0,0,2,9,9,0,0,1,0
51,1,1,0,0,2,0,0,2,9,1,2,0,1,0
165,0,7,8,0,12,8,0,2,48,30,6,1,6,1
57,1,3,0,0,1,0,0,1,12,8,0,0,2,0
42,1,2,0,0,3,0,0,1,9,6,2,1,2,0
32,1,1,1,0,1,1,0,1,20,6,0,1,1,0
125,1,5,7,2,3,2,0,3,71,35,8,2,2,1
44,1,3,1,0,2,0,0,1,3,2,0,0,0,0
70,1,5,4,0,2,8,1,4,31,17,4,5,7,1
51,1,3,0,0,0,0,0,2,6,9,0,0,2,0
46,1,1,0,0,2,1,0,2,15,0,2,0,2,0
57,1,1,0,0,2,0,0,1,13,6,0,0,2,0
52,1,1,0,0,3,0,0,2,1,5,3,0,2,0
36,1,2,0,0,3,0,0,1,6,2,0,0,1,0
27,1,2,1,0,3,1,0,2,13,3,1,1,1,0
52,1,1,1,0,2,0,0,2,4,2,1,0,0,0
51,1,1,0,0,0,0,0,2,5,9,2,1,0,0
37,1,1,1,0,1,0,0,2,17,4,3,1,2,0
43,1,2,0,0,2,1,0,1,9,2,1,0,1,0
154,0,6,1,2,15,2,1,2,64,10,11,3,2,1
22,1,1,0,0,1,1,0,1,11,7,2,1,2,0
48,1,3,0,0,2,1,0,2,11,9,3,0,0,0
128,1,7,3,0,12,3,1,2,79,56,3,1,7,1
104,0,7,7,1,10,5,0,3,75,12,3,3,2,1
30,1,1,0,0,3,0,0,2,11,8,0,1,2,0
108,1,5,4,2,11,5,0,4,74,7,7,4,7,1
77,0,8,8,1,14,2,1,5,35,6,9,4,1,1
93,1,3,8,2,7,6,1,4,25,45,5,5,8,1
18,1,3,1,0,1,1,0,2,2,8,0,0,1,0
19,1,2,0,0,3,0,0,1,15,3,1,1,0,0
54,1,2,1,0,1,0,0,2,14,10,2,0,1,0
57,1,2,0,0,1,0,0,2,4,5,3,0,0,0
96,0,9,3,0,4,7,1,6,15,43,4,2,5,1
58,1,2,0,0,3,0,0,2,18,10,0,1,1,0
149,1,7,1,1,13,5,0,6,29,38,7,1,1,1
19,1,3,0,0,3,1,0,1,4,1,3,1,0,0
93,0,5,8,1,3,6,0,6,48,23,12,3,6,1
30,1,1,0,0,2,1,0,1,13,3,2,0,2,0
57,1,2,0,0,0,0,0,2,1,3,1,0,0,0
62,0,9,1,2,10,5,0,3,71,11,8,6,5,1
161,1,5,7,2,6,3,1,6,48,25,14,4,6,1
117,1,3,5,1,13,2,1,5,31,29,10,5,4,1
32,1,1,0,0,0,1,0,2,4,10,3,0,0,0
91,0,5,2,0,3,6,1,6,59,6,3,5,1,1
59,1,6,8,0,13,4,1,6,33,17,7,1,3,1
46,1,2,0,0,0,1,0,2,1,0,1,1,2,0
66,0,8,7,0,13,3,1,2,24,60,14,6,4,1
61,0,8,6,2,3,7,0,2,21,28,14,6,4,1
57,1,3,0,0,2,0,0,1,1,0,1,1,2,0
37,1,1,1,0,3,1,0,2,1,3,0,1,1,0
51,1,2,1,0,0,1,0,1,19,0,2,0,1,0
87,1,7,4,1,5,3,1,3,10,22,10,2,6,1
16,1,3,1,0,0,1,0,2,14,2,2,0,1,0
125,1,4,1,0,3,3,0,4,77,27,3,6,8,1
76,0,8,6,0,11,3,1,3,76,42,5,2,6,1
93,0,9,8,1,2,8,0,5,46,39,15,3,5,1
139,1,5,8,2,4,7,1,5,37,31,4,4,6,1
136,1,9,4,2,9,7,1,3,24,6,15,3,2,1
154,0,7,1,1,3,8,0,3,24,41,13,5,7,1
28,1,1,0,0,0,1,0,2,8,4,1,0,1,0
40,1,3,0,0,3,0,0,2,8,9,2,0,2,0
146,0,3,1,2,14,2,0,6,41,15,11,6,8,1
36,1,2,1,0,2,1,0,1,4,7,3,0,2,0
108,0,4,7,0,11,5,0,3,43,30,9,3,1,1
33,1,2,1,0,3,0,0,1,14,8,3,0,0,0
22,1,3,1,0,2,1,0,1,3,8,0,1,2,0
42,1,1,0,0,3,1,0,1,15,8,1,0,2,0
69,1,6,6,0,2,3,1,2,33,58,4,5,1,1
24,1,1,1,0,3,0,0,1,19,1,2,0,2,0
46,1,3,1,0,0,0,0,2,14,3,3,0,1,0
42,1,2,1,0,2,0,0,1,18,1,2,0,2,0
35,1,1,1,0,1,0,0,1,1,5,2,0,1,0
100,1,5,6,0,14,2,1,5,48,8,6,5,2,1
43,1,3,0,0,0,1,0,2,10,5,3,1,1,0
51,1,7,7,0,13,6,1,2,38,24,14,1,7,1
81,1,5,3,0,5,5,1,6,27,27,14,2,7,1
172,0,10,2,2,6,2,1,6,40,27,4,4,2,1
89,0,4,4,2,14,7,0,2,19,11,14,6,6,1
83,0,5,7,0,9,4,1,4,40,24,12,1,5,1
51,1,2,1,0,3,0,0,2,9,2,1,0,2,0
55,1,1,1,0,2,0,0,2,7,1,3,1,1,0
145,0,7,3,1,4,3,1,5,10,28,13,2,2,1
39,1,3,0,0,2,1,0,2,12,1,1,0,0,0
91,1,4,3,2,4,2,0,5,36,46,15,4,1,1
127,1,5,4,1,4,3,1,5,33,32,7,6,8,1
121,1,10,6,1,7,7,1,2,34,38,6,1,6,1
42,1,1,1,0,0,0,0,2,13,2,3,0,0,0
150,0,5,3,0,5,7,1,6,16,37,3,5,8,1
19,1,1,1,0,1,0,0,2,19,1,3,1,1,0
18,1,1,1,0,2,1,0,2,12,4,0,1,2,0
30,1,3,0,0,1,0,0,1,20,7,1,1,1,0
46,1,1,1,0,1,1,0,1,10,7,3,1,1,0
126,1,9,2,2,12,6,0,4,70,20,9,3,8,1
109,0,9,4,1,6,5,0,6,74,48,14,5,1,1
52,1,1,0,0,0,1,0,1,5,1,2,0,0,0
21,1,3,1,0,1,0,0,1,17,10,1,0,2,0
26,1,3,1,0,1,0,0,2,13,2,2,1,0,0
55,1,1,0,0,1,0,0,2,13,8,1,1,1,0
24,1,3,0,0,0,1,0,2,19,8,3,1,0,0
54,1,3,1,0,3,1,0,2,19,4,2,1,0,0
161,0,8,8,0,2,7,0,6,77,9,15,2,7,1
125,1,10,4,2,12,4,0,2,73,5,12,2,2,1
83,1,4,8,0,7,5,0,6,65,12,10,5,3,1
57,1,2,1,0,1,1,0,2,7,7,1,0,0,0
145,0,10,4,0,13,3,1,4,24,36,12,4,3,1
22,1,1,0,0,3,0,0,2,17,8,1,0,2,0
103,1,4,5,2,15,7,1,6,17,30,7,5,2,1
54,1,2,1,0,0,1,0,1,18,7,1,0,0,0
56,1,3,0,0,1,0,0,1,7,6,1,1,2,0
128,1,4,4,0,6,3,1,4,77,55,9,1,5,1
119,1,4,4,1,11,3,1,5,70,15,13,1,6,1
58,1,1,0,0,1,1,0,1,1,6,3,0,0,0
54,1,1,1,0,3,1,0,2,13,4,3,0,1,0
80,1,3,4,2,11,2,1,4,11,19,14,1,8,1
102,0,8,8,2,8,4,1,5,36,7,9,2,7,1
103,0,9,1,2,14,7,0,3,66,7,12,3,5,1
175,1,4,1,2,13,8,1,4,50,35,13,2,6,1
74,0,8,6,0,13,5,1,2,58,50,8,6,4,1
141,0,7,7,1,9,7,0,5,16,52,7,5,2,1
121,1,5,3,2,11,8,0,5,70,41,6,3,1,1
19,1,1,1,0,0,0,0,1,9,1,2,1,2,0
117,1,3,6,1,15,3,0,6,41,35,15,5,2,1
57,1,7,8,0,13,7,1,6,43,14,11,3,3,1
36,1,3,0,0,3,1,0,1,3,10,0,1,0,0
113,1,4,4,2,4,7,1,6,46,18,6,1,3,1
29,1,2,1,0,0,0,0,2,9,2,2,0,0,0
63,0,5,4,0,4,2,1,6,36,31,14,6,5,1
169,1,5,2,0,9,3,1,6,55,17,13,2,3,1
101,1,5,6,1,13,6,0,6,69,55,9,5,5,1
35,1,1,0,0,1,1,0,2,5,0,0,1,2,0
150,1,10,3,2,13,3,0,3,68,55,13,5,1,1
78,0,4,7,0,6,4,0,3,47,39,14,6,5,1
66,0,3,3,2,4,5,1,5,14,22,7,5,2,1
22,1,2,0,0,0,0,0,2,9,10,3,1,0,0
128,0,10,5,1,5,5,0,3,19,21,9,4,1,1
153,0,10,4,0,15,5,0,4,44,31,4,1,5,1
87,1,7,6,0,10,2,0,5,17,15,10,6,2,1
22,1,1,1,0,1,0,0,1,10,9,0,1,1,0
38,1,2,1,0,1,1,0,1,9,5,0,1,0,0
58,1,2,0,0,2,1,0,2,9,6,0,1,1,0
89,0,3,5,1,5,8,1,5,23,10,7,3,8,1
42,1,2,1,0,1,1,0,2,20,9,0,1,1,0
164,1,5,4,2,15,8,0,5,55,41,12,3,7,1
171,1,7,6,1,9,3,1,4,76,44,7,2,8,1
26,1,1,1,0,1,0,0,1,3,9,3,0,1,0
33,1,3,0,0,1,0,0,1,7,8,2,1,1,0
22,1,1,0,0,3,0,0,2,11,8,3,0,0,0
152,0,5,2,2,13,2,1,6,71,32,4,3,1,1
38,1,3,0,0,1,0,0,2,12,10,3,1,2,0
103,1,7,2,2,12,6,0,6,61,18,10,3,3,1
146,1,8,5,2,13,4,0,5,70,29,12,2,7,1
30,1,1,0,0,1,1,0,1,20,7,0,1,0,0
78,1,5,4,1,15,5,1,3,64,16,5,4,4,1
28,1,3,1,0,2,1,0,1,15,1,1,0,0,0
117,0,10,8,1,5,7,1,3,74,28,12,2,1,1
49,1,1,1,0,3,1,0,2,11,1,2,1,0,0
179,0,10,7,0,2,2,0,3,64,49,10,6,4,1
35,1,3,1,0,1,0,0,1,7,10,3,0,0,0
52,1,3,0,0,0,0,0,1,15,4,2,0,0,0
133,0,4,2,1,8,6,1,2,29,41,6,3,6,1
131,0,8,6,0,13,6,1,5,44,44,7,1,3,1
42,1,2,1,0,1,0,0,2,8,6,0,0,1,0
155,0,10,1,0,15,3,0,2,67,48,13,6,3,1
52,1,1,1,0,3,1,0,2,8,9,2,0,0,0
58,1,3,0,0,1,1,0,1,12,9,0,0,0,0
34,1,2,1,0,3,0,0,2,19,3,0,0,0,0
111,1,4,1,1,13,5,0,3,54,46,15,4,5,1
55,1,1,0,0,0,1,0,2,16,1,3,0,1,0
72,1,7,4,1,7,5,0,5,68,24,11,6,5,1
54,1,3,0,0,0,1,0,1,5,5,2,0,0,0
54,1,2,1,0,3,1,0,1,19,3,3,0,0,0
62,0,7,4,2,11,4,0,3,78,42,12,2,7,1
20,1,1,1,0,2,0,0,1,5,4,3,1,0,0
171,1,6,8,1,11,3,0,5,58,19,15,1,7,1
118,1,9,8,1,6,7,1,3,51,47,3,5,6,1
72,1,3,1,0,2,5,1,2,39,6,13,2,2,1
155,0,10,2,0,7,7,0,5,78,36,12,4,4,1
174,1,8,5,1,7,6,0,6,49,45,3,3,7,1
